weather_day,Region,temperature,dew_point,humidity,heat_index,wind_chill,wind_direction,wind_speed,cloud_cover,wet_bulb_temp,solar_irradiance,precipitation,snowfall,msl_pressure,wind_gust,hour,usage
10/30/18 0:00,Region 1,68.37,66.16,92.4,68.37,68.37,164,5.79,0,66.63,0,0,0,1017.59,10.85,0,10326.50626
10/30/18 1:00,Region 1,68.12,66.14,93.7,68.12,68.12,0,0,0,66.67,0,0,0,1017.32,9.8,1,9677.22353
10/30/18 2:00,Region 1,67.95,66.87,96.2,67.95,67.95,0,0,0,67.08,0,0,0,1017.05,9.74,2,9301.867492
10/30/18 3:00,Region 1,68.01,66.71,95.1,68.01,68.01,141,5.53,0,66.87,0,0,0,1016.75,9.98,3,9087.378024
10/30/18 4:00,Region 1,68.07,66.54,94.3,68.07,68.07,144,5.82,0,66.77,0,0,0,1016.42,10.62,4,8994.833085
10/30/18 5:00,Region 1,68.19,66.31,93.5,68.19,68.19,152,5.89,0,66.61,0,0,0,1016.14,10.86,5,9123.822621
10/30/18 6:00,Region 1,68.22,66.15,92.4,68.22,68.22,157,6.12,0,66.48,0,0,0,1015.84,11.12,6,9675.907328
10/30/18 7:00,Region 1,67.75,66.05,94.4,67.75,67.75,159,6.71,0,66.43,0,0,0,1015.94,11.43,7,10486.59856
10/30/18 8:00,Region 1,72.25,68.93,89.1,72.25,72.25,0,0,0,69.6,189,0,0,1016.42,12.56,8,10807.02827
10/30/18 9:00,Region 1,77.71,70.15,77,78.73,77.71,167,8.38,0,72,393.2,0,0,1016.92,15.94,9,10945.05937
10/30/18 10:00,Region 1,80.82,68.93,66.5,83.78,80.82,169,12.8,0,71.96,559,0,0,1017.05,20.1,10,11504.42205
10/30/18 11:00,Region 1,81.23,68.93,65.7,84.38,81.23,164,14.23,67.5,72.14,672,0,0,1016.78,20.15,11,12187.04537
10/30/18 12:00,Region 1,82.72,69.26,63.6,86.39,82.72,185,10.69,72.5,72.92,686.5,0,0,1016.11,20.39,12,12706.39234
10/30/18 13:00,Region 1,82.72,67.38,59.5,85.44,82.72,173,14.14,72.5,71.61,696.9,0,0,1015.14,21.06,13,13165.79068
10/30/18 14:00,Region 1,83.12,67.38,58.7,85.82,83.12,171,15.11,0,71.69,403.2,0,0,1014.3,24.61,14,13668.27748
10/30/18 15:00,Region 1,82.45,66.83,58.8,84.9,82.45,167,14.78,67.5,71.24,438.6,0,0,1014.07,20.9,15,13976.28697
10/30/18 16:00,Region 1,81.5,67.98,63.6,84.35,81.5,170,12.76,57.5,71.72,276.5,0,0,1013.91,21.02,16,14059.45475
10/30/18 17:00,Region 1,79.55,67.8,67.5,80.5,79.55,167,13.15,50,71.16,94.7,0,0,1013.73,20.23,17,13986.08877
10/30/18 18:00,Region 1,76.1,68.4,77,76.1,76.1,166.6,11,51.1,0,0,0,0,0,0,18,13636.26925
10/30/18 19:00,Region 1,76.3,68.85,77.7,76.3,76.3,169.1,8.45,51.1,0,0,0,0,0,0,19,13209.38046
10/30/18 20:00,Region 1,75.85,68.55,78.1,75.85,75.85,174.6,8.35,37.6,0,0,0,0,0,0,20,13211.23411
10/30/18 21:00,Region 1,74.9,69.1,81.5,74.9,74.9,164.6,9.55,29.4,0,0,0,0,0,0,21,12792.81283
10/30/18 22:00,Region 1,74.15,68.9,83.3,74.15,74.15,164.3,8.55,36.6,0,0,0,0,0,0,22,12197.02621
10/30/18 23:00,Region 1,75,69.7,82.8,75,75,163,9.95,0,70.86,0,0,0,1014.21,15.88,23,11363.6033
10/31/18 0:00,Region 1,74.82,69.7,83.4,74.82,74.82,168,7.9,0,70.82,0,0,0,1013.84,13.7,0,10577.34649
10/31/18 1:00,Region 1,74.05,69.93,86.4,74.05,74.05,165,9.22,0,70.82,0,0,0,1013.72,15.08,1,10024.90761
10/31/18 2:00,Region 1,73.82,70.15,87.9,73.82,73.82,157,8.23,0,70.92,0,0,0,1013.34,13.76,2,9650.175772
10/31/18 3:00,Region 1,74.53,70.55,87.3,74.53,74.53,156,8.23,55,71.5,0,0,0,1012.99,13.76,3,9385.216403
10/31/18 4:00,Region 1,72.88,71,93.8,72.88,72.88,0,0,65,71.26,0,0,0,1013.03,10.55,4,9269.347786
10/31/18 5:00,Region 1,73.7,71.37,91.8,73.7,73.7,0,0,77.5,71.73,0,0,0,1013.19,9.82,5,9449.177997
10/31/18 6:00,Region 1,73.37,71.37,92.7,73.37,73.37,134,5.4,0,71.7,0,0,0,1013.11,11.57,6,10094.8608
10/31/18 7:00,Region 1,74.38,71.55,90.3,74.38,74.38,146,7.15,80,72.06,0,0,0,1013.06,11.93,7,10950.52755
10/31/18 8:00,Region 1,76.38,72.3,86.7,76.38,76.38,129,7.94,92.5,73.22,79.4,0,0,1013.19,13.89,8,11354.34424
10/31/18 9:00,Region 1,77,72.68,86.1,77,77,154,8.76,92.5,73.64,215.1,0,0,1013.45,16.41,9,11456.37611
10/31/18 10:00,Region 1,77.13,73.18,87.5,78.17,77.13,153,10.17,85,74.05,307.4,0,0,1013.07,18.46,10,11819.65659
10/31/18 11:00,Region 1,76.78,74.12,91.9,78.12,76.78,158,9.21,100,74.66,380.9,0.0505,0,1012.52,17.2,11,12061.36704
10/31/18 12:00,Region 1,76.13,73.1,90.8,77.33,76.13,171,14.84,95,73.81,389.9,0,0,1011.59,22.82,12,12144.14693
10/31/18 13:00,Region 1,76.03,71.93,87,77.23,76.03,143,9.12,100,72.87,539.6,0,0,1010.11,18.43,13,12147.78427
10/31/18 14:00,Region 1,75.67,72.95,91.1,76.87,75.67,147,13.09,95,73.48,553.9,0.1332,0,1009.27,23.38,14,12189.37862
10/31/18 15:00,Region 1,76.18,72.12,87.3,77.2,76.18,162,13.95,95,72.99,407.8,0,0,1008.22,24.03,15,12180.57553
10/31/18 16:00,Region 1,75.18,71.65,88.7,76.1,75.18,152,16.3,92.5,72.34,215,0,0,1007.19,21.82,16,12155.36079
10/31/18 17:00,Region 1,73.67,71.92,94.6,74.49,73.67,160,9.42,92.5,72.16,55.9,0,0,1007.34,17.32,17,12048.88154
10/31/18 18:00,Region 1,72.2,71.6,97.9,72.2,72.2,180.2,8,94.8,0,0,0,0,0,0,18,11895.23441
10/31/18 19:00,Region 1,74.9,73.55,95.6,74.9,74.9,169,12.52,100,73.67,0,0,0,1006.22,18.66,19,11855.87276
10/31/18 20:00,Region 1,70.03,68.3,94.4,70.03,70.03,218,23.11,100,68.76,0,0,0,1007.13,31.3,20,11952.75737
10/31/18 21:00,Region 1,68.12,66.97,96.2,68.12,68.12,294,15.82,100,67.21,0,0.578,0,1008.07,25.43,21,11918.84699
10/31/18 22:00,Region 1,64.82,64.42,98.6,64.82,64.82,0,13.43,100,64.46,0,0.259,0,1008.54,25.95,22,11268.2999
10/31/18 23:00,Region 1,64.82,63.82,96.5,64.82,64.82,180,13.01,100,64.1,0,0,0,1008.37,23.33,23,10347.80755
10/30/18 0:00,Region 2,66,61.55,85.5,66,66,185,9.3,0,62.85,0,0,0,1015.75,18.55,0,1185.530739
10/30/18 1:00,Region 2,65.25,61.15,87,65.25,65.25,175,8.7,0,62.5,0,0,0,1015.55,18.55,1,1056.729302
10/30/18 2:00,Region 2,64.5,61,88.5,64.5,64.5,170,8.05,0,62.15,0,0,0,1015.35,18.55,2,986.930835
10/30/18 3:00,Region 2,64.15,61.1,90,64.15,64.15,165,7.95,0,62.1,0,0,0,1015.2,18.25,3,954.367236
10/30/18 4:00,Region 2,63.65,61.25,92,63.65,63.65,160,7.8,0,62.1,0,0,0,1015.1,18,4,941.123847
10/30/18 5:00,Region 2,63.35,61.45,93.5,63.35,63.35,160,7.6,0,62,0,0,0,1015,17.55,5,987.976133
10/30/18 6:00,Region 2,62.95,61.55,95,62.95,62.95,155,7.5,0,62,0,0,0,1014.85,17.1,6,1067.191232
10/30/18 7:00,Region 2,63.5,62.1,95,63.5,63.5,160,6.95,0,62.55,0,0,0,1015.15,15.1,7,1194.842767
10/30/18 8:00,Region 2,66.45,63.5,90,66.45,66.45,170,10.3,0,64.4,177.5,0,0,1015.6,22.5,8,1242.374133
10/30/18 9:00,Region 2,71.55,65,80,71.55,71.55,170,12.65,0,66.95,307,0,0,1015.85,27,9,1263.743598
10/30/18 10:00,Region 2,74.45,65.45,73,74.45,74.45,190,13.2,0,68.05,364,0,0,1015.65,27.75,10,1313.58076
10/30/18 11:00,Region 2,78.55,65.45,64,78.55,78.55,190,16.65,37.5,69.25,408.5,0,0,1015.05,25.4,11,1377.908609
10/30/18 12:00,Region 2,79,64.45,61,79,79,195,16.1,75,68.8,430.5,0,0,1014.5,24.7,12,1410.026125
10/30/18 13:00,Region 2,81,64.9,58,82.8,81,175,17.75,25,69.6,431.5,0,0,1013.45,31.1,13,1448.393017
10/30/18 14:00,Region 2,81,64.45,57,82.6,81,185,13.2,37.5,69.35,182,0,0,1012.65,21.95,14,1475.757173
10/30/18 15:00,Region 2,81.05,65,58,82.75,81.05,185,12.65,0,69.8,134.5,0,0,1012.3,24.15,15,1506.920213
10/30/18 16:00,Region 2,79.55,65.45,62,80.45,79.55,180,11,0,69.5,103,0,0,1012.3,22.35,16,1505.651839
10/30/18 17:00,Region 2,77.55,64.45,64,77.55,77.55,175,11.55,0,68.45,33.5,0,0,1012.2,20.9,17,1529.737527
10/30/18 18:00,Region 2,73.5,66.5,78,73.5,73.5,176,10,50.5,0,0,0,0,0,0,18,1544.402482
10/30/18 19:00,Region 2,72,66.5,81.5,72,72,175.5,8.5,66,0,0,0,0,0,0,19,1511.410198
10/30/18 20:00,Region 2,72,65,78.5,72,72,175,10,51,0,0,0,0,0,0,20,1530.931298
10/30/18 21:00,Region 2,71.5,65.5,80.5,71.5,71.5,177,11,48,0,0,0,0,0,0,21,1494.233357
10/30/18 22:00,Region 2,70.5,65.5,83.5,70.5,70.5,180,10,42.5,0,0,0,0,0,0,22,1435.089503
10/30/18 23:00,Region 2,69.95,64.9,84,69.95,69.95,175,8.05,0,66.4,0,0,0,1013.65,17.75,23,1346.338594
10/31/18 0:00,Region 2,68.55,64.9,88.5,68.55,68.55,160,7.4,0,65.9,0,0,0,1013.5,17,0,1220.904992
10/31/18 1:00,Region 2,67.45,64.9,92,67.45,67.45,160,7.5,0,65.65,0,0,0,1013.25,17.7,1,1142.27518
10/31/18 2:00,Region 2,68,64.9,90,68,68,160,8.05,0,65.75,0,0,0,1013.3,18,2,1081.782434
10/31/18 3:00,Region 2,67.55,64.9,91,67.55,67.55,155,8.05,37.5,65.55,0,0,0,1013.05,16.65,3,1050.16495
10/31/18 4:00,Region 2,67.55,64.9,91,67.55,67.55,155,6.95,0,65.55,0,0,0,1013.1,14.65,4,1026.372297
10/31/18 5:00,Region 2,67,64.9,93,67,67,150,5.8,0,65.45,0,0,0,1013.5,12.85,5,1035.328128
10/31/18 6:00,Region 2,67,64.9,93,67,67,150,6.3,0,65.45,0,0,0,1013.35,13.15,6,1110.47196
10/31/18 7:00,Region 2,67.55,66,94.5,67.55,67.55,150,6.9,50,66.35,0,0,0,1013.25,12.65,7,1243.052777
10/31/18 8:00,Region 2,69,66.45,91.5,69,69,140,8.05,0,67.1,136.5,0,0,1013.05,15.85,8,1310.738177
10/31/18 9:00,Region 2,72.05,67.45,85.5,72.05,72.05,155,10.3,0,68.8,323,0,0,1012.7,20.8,9,1327.016589
10/31/18 10:00,Region 2,74.45,68.55,81,74.45,74.45,165,10.85,37.5,70,442,0,0,1012.5,22.7,10,1315.813365
10/31/18 11:00,Region 2,75.45,69.55,81,75.45,75.45,160,11.4,0,70.95,503,0,0,1011.6,22.25,11,1360.490078
10/31/18 12:00,Region 2,77.55,69,74.5,77.55,77.55,165,17.35,50,71.25,529.5,0,0,1010.6,29.3,12,1393.711361
10/31/18 13:00,Region 2,76.45,69.1,77.5,76.45,76.45,170,16.65,100,71,423.5,0,0,1009.05,24.7,13,1483.516581
10/31/18 14:00,Region 2,76,69.1,78.5,76,76,180,17.9,75,70.8,127,0,0,1007.45,27.5,14,1497.630837
10/31/18 15:00,Region 2,75.45,70.55,84,75.45,75.45,185,8.6,75,71.7,113.5,0.001,0,1006.85,24.4,15,1480.441431
10/31/18 16:00,Region 2,68.45,64.5,87,68.45,68.45,260,10.85,87.5,65.55,68.5,0,0,1006.7,23.7,16,1466.761182
10/31/18 17:00,Region 2,68,64.05,87,68,68,255,17.2,87.5,65.1,23,0,0,1006.6,25.3,17,1461.851666
10/31/18 18:00,Region 2,66.5,64.5,93.5,66.5,65.5,252,15.5,91,0,0,0.075,0,0,0,18,1413.612177
10/31/18 19:00,Region 2,62.5,60.45,92.5,62.5,62.5,180,12.8,100,61.05,0,0.115,0,1007.35,21.25,19,1391.904345
10/31/18 20:00,Region 2,61.55,60,94,61.55,61.55,330,7.5,100,60.35,0,0.1705,0,1008.45,20.1,20,1364.899427
10/31/18 21:00,Region 2,61.1,59.45,94,61.1,61.1,310,6.95,100,59.95,0,0.125,0,1008.9,16.4,21,1320.796739
10/31/18 22:00,Region 2,59.45,59,98,59.45,59.45,190,6.35,100,59.1,0,0.19,0,1007.65,18.45,22,1284.03956
10/31/18 23:00,Region 2,59,57.5,94.5,59,59,315,7.4,100,58,0,0.0955,0,1007.55,19.35,23,1186.280379
10/30/18 0:00,Region 3,62.5,60.45,92.5,62.5,62.5,160,8.05,0,61.05,0,0,0,1010.25,14.35,0,2818.80621
10/30/18 1:00,Region 3,61.5,59.7,93.5,61.5,61.5,170,8.6,0,60.25,0,0,0,1009.85,15,1,2793.692103
10/30/18 2:00,Region 3,60.5,59,94.5,60.5,60.5,175,9.15,0,59.45,0,0,0,1009.5,15,2,2759.751006
10/30/18 3:00,Region 3,59.65,58.15,94.5,59.65,59.65,170,8.3,0,58.65,0,0,0,1009.5,13.75,3,2756.68304
10/30/18 4:00,Region 3,58.75,57.2,94,58.75,58.75,165,7.5,0,57.75,0,0,0,1009.5,12.85,4,2750.266225
10/30/18 5:00,Region 3,57.95,56.3,94,57.95,57.95,160,6.75,0,56.85,0,0,0,1009.5,12,5,2743.769546
10/30/18 6:00,Region 3,57.05,55.5,94,57.05,57.05,155,5.8,0,56.05,0,0,0,1009.5,11.3,6,2755.300216
10/30/18 7:00,Region 3,57.05,55.5,94.5,57.05,57.05,195,8.05,0,56,0,0,0,1010,13.3,7,2820.880465
10/30/18 8:00,Region 3,58.05,56.05,92.5,58.05,58.05,195,10.45,0,56.55,78,0,0,1010.45,16.1,8,2867.32511
10/30/18 9:00,Region 3,63.5,56.45,77.5,63.5,63.5,215,8.05,0,59,233,0,0,1010.85,15.2,9,2846.514231
10/30/18 10:00,Region 3,69,52.55,55.5,69,69,235,10.45,0,58.85,436,0,0,1011,18.8,10,2848.778169
10/30/18 11:00,Region 3,75,51,42.5,75,75,250,15.55,0,60.15,600.5,0,0,1010.35,25.25,11,2872.276992
10/30/18 12:00,Region 3,78,52,39.5,78,78,250,11.55,0,61.55,707.5,0,0,1009.95,22.4,12,2907.734106
10/30/18 13:00,Region 3,82,49,31,80.6,82,260,13.2,0,61.7,711.5,0,0,1008.65,21.7,13,2937.358579
10/30/18 14:00,Region 3,83.45,46.45,27,81.35,83.45,275,16.65,0,61.15,635,0,0,1007.6,25.75,14,2976.539684
10/30/18 15:00,Region 3,83.45,46.05,26.5,81.35,83.45,280,17.35,0,61,493,0,0,1007.45,24.05,15,3027.08099
10/30/18 16:00,Region 3,81.5,48.05,31.5,80.3,81.5,140,16.1,0,61.35,336,0,0,1007.65,21.7,16,3067.838198
10/30/18 17:00,Region 3,78.55,47.5,33.5,78.55,78.55,170,10.85,0,59.9,148.5,0,0,1008.15,15,17,3075.845078
10/30/18 18:00,Region 3,73,50,44.5,73,73,281.5,8.5,55,0,0,0,0,0,0,18,3029.909446
10/30/18 19:00,Region 3,66,51,59,66,66,135.5,8,59,0,0,0,0,0,0,19,2992.258427
10/30/18 20:00,Region 3,63.5,51.5,64,63.5,63.5,176.5,6.5,30,0,0,0,0,0,0,20,2995.541508
10/30/18 21:00,Region 3,63.5,51,64,63.5,63,197.5,6,34.5,0,0,0,0,0,0,21,2974.390017
10/30/18 22:00,Region 3,61,53,75.5,61,60,93,7,50,0,0,0,0,0,0,22,2937.134704
10/30/18 23:00,Region 3,61.1,50,67,61.1,61.1,85,9.2,0,54.6,0,0,0,1009.65,14.45,23,2861.256089
10/31/18 0:00,Region 3,60.55,50,68,60.55,60.55,90,8.65,0,54.35,0,0,0,1008.85,15.2,0,2793.766311
10/31/18 1:00,Region 3,60,52,74.5,60,60,205,6.4,75,55.25,0,0,0,1008.6,14.45,1,2748.872956
10/31/18 2:00,Region 3,60,54.5,81.5,60,60,35,7.5,87.5,56.6,0,0,0,1008.3,15.1,2,2719.607182
10/31/18 3:00,Region 3,60.55,55.6,83.5,60.55,60.55,90,12.65,75,57.35,0,0,0,1007.8,21.15,3,2701.466081
10/31/18 4:00,Region 3,60,55.6,85,60,60,340,5.75,87.5,57.2,0,0,0,1008,13.45,4,2698.33352
10/31/18 5:00,Region 3,57,54.05,89.5,57,57,0,10.4,0,55.15,0,0,0,1007.6,17.2,5,2700.602914
10/31/18 6:00,Region 3,57.45,53.55,86,57.45,57.45,210,8.1,62.5,54.95,0,0,0,1008.05,14.1,6,2740.951466
10/31/18 7:00,Region 3,56,53,89.5,56,56,35,8.05,100,54.15,0,0,0,1009,15.1,7,2798.717561
10/31/18 8:00,Region 3,53.95,51.95,92.5,53.95,53.95,95,14.4,100,52.7,52.5,0.04,0,1009.55,20.7,8,2867.177082
10/31/18 9:00,Region 3,54.5,52.95,94,54.5,54.5,30,14.3,100,53.5,76,0.025,0,1010.9,19.55,9,2874.06675
10/31/18 10:00,Region 3,52.1,50.45,94,52.1,52.1,0,12.65,100,51.05,141,0.0205,0,1012.45,18.1,10,2888.238739
10/31/18 11:00,Region 3,52,50.55,94,52,52,25,13.35,100,51,188.5,0.0055,0,1012.65,19.15,11,2908.826384
10/31/18 12:00,Region 3,51.55,49.45,92,51.55,51.55,55,16.25,100,50.25,160.5,0.0105,0,1011.8,21.6,12,2908.40286
10/31/18 13:00,Region 3,51.55,49.45,92,51.55,51.55,0,13.2,100,50.25,90,0.02,0,1012.35,22.05,13,2919.404263
10/31/18 14:00,Region 3,51,49,92,51,48.3,0,14.45,100,49.7,101,0.0205,0,1012.65,25.35,14,2930.139422
10/31/18 15:00,Region 3,50.55,47.45,89,50.55,47.75,30,16.1,100,48.85,257.5,0.01,0,1012.2,28.2,15,2943.025379
10/31/18 16:00,Region 3,50,46.9,89,50,44.25,20,16.65,100,48.4,168.5,0.0055,0,1012.2,26.5,16,2946.827536
10/31/18 17:00,Region 3,48.9,46,89,48.9,43.15,185,15.55,100,47.3,63.5,0,0,1012.65,23.05,17,2959.756446
10/31/18 18:00,Region 3,47.5,45,91,47.5,41.5,25.5,15.5,99.5,0,0,0.03,0,0,0,18,2960.657521
10/31/18 19:00,Region 3,46.45,44.1,90.5,46.45,41.45,185,11,62.5,45.15,0,0,0,1014.85,18.1,19,2954.19143
10/31/18 20:00,Region 3,47.45,44,87.5,47.45,43.5,0,8.65,75,45.7,0,0,0,1015.65,15.35,20,2980.756273
10/31/18 21:00,Region 3,47.45,44.1,87.5,47.45,44.15,330,6.9,100,45.65,0,0,0,1015.75,13.2,21,2996.021473
10/31/18 22:00,Region 3,46.9,43.55,87.5,46.9,42.8,310,8.6,87.5,45.15,0,0,0,1016.25,15,22,2979.648716
10/31/18 23:00,Region 3,46,42.1,85,46,41.7,325,8.6,50,43.9,0,0,0,1016.15,14.2,23,2923.721431
10/30/18 0:00,Region 4,70.6,62.325,74.75,70.6,70.6,187.5,16.1,0,64.875,0,0,0,1012.325,26.075,0,10894.01994
10/30/18 1:00,Region 4,69.925,62.45,77.5,69.925,69.925,180,15.725,0,64.725,0,0,0,1012.1,26.7,1,10080.88609
10/30/18 2:00,Region 4,69.1,62.575,79.25,69.1,69.1,182.5,15.2,0,64.475,0,0,0,1011.825,26.525,2,9525.061018
10/30/18 3:00,Region 4,68.975,62.875,80.25,68.975,68.975,182.5,15.55,35,64.725,0,0,0,1011.675,26.2,3,9198.550765
10/30/18 4:00,Region 4,68.8,63.125,81.5,68.8,68.8,187.5,15.75,48.75,64.825,0,0,0,1011.5,26.575,4,9046.189884
10/30/18 5:00,Region 4,68.675,63.475,83.25,68.675,68.675,190,16.1,58.75,64.975,0,0,0,1011.375,27.1,5,9176.726675
10/30/18 6:00,Region 4,68.55,63.75,84.25,68.55,68.55,190,16.45,68.75,65.075,0,0,0,1011.225,24.175,6,9818.230726
10/30/18 7:00,Region 4,68.325,63.975,85.25,68.325,68.325,180,14.075,87.5,65.075,0,0,0,1011.3,24.05,7,11121.94885
10/30/18 8:00,Region 4,69.775,63.975,81.5,69.775,69.775,182.5,15.75,87.5,65.7,24,0,0,1011.675,27.375,8,11804.16228
10/30/18 9:00,Region 4,71.775,64.7,78.25,71.775,71.775,180,14.925,87.5,66.775,48.25,0,0,1011.875,27.1,9,11804.61809
10/30/18 10:00,Region 4,74,64.25,71.25,74,74,190,18.45,93.75,67.125,87,0,0,1011.675,26.725,10,12058.49159
10/30/18 11:00,Region 4,76.225,64.925,67.5,76.225,76.225,187.5,19.075,75,68.15,125.75,0,0,1011.325,27.9,11,12414.17861
10/30/18 12:00,Region 4,79.3,64.7,61,79.575,79.3,190,21.35,68.75,69.025,158.5,0,0,1010.725,28,12,12761.21029
10/30/18 13:00,Region 4,80.8,64.7,57.75,81.925,80.8,185,18.8,62.5,69.4,155.25,0,0,1009.925,28.825,13,13065.44064
10/30/18 14:00,Region 4,80.3,63.975,57.5,81.375,80.3,202.5,18.175,68.75,68.9,137.5,0,0,1009.35,27.15,14,13436.65454
10/30/18 15:00,Region 4,82.25,64.675,55,83.925,82.25,192.5,17.9,0,69.875,96.5,0,0,1008.925,25.375,15,13744.98909
10/30/18 16:00,Region 4,80.8,64.425,57,82.425,80.8,177.5,15.625,62.5,69.225,72,0,0,1008.8,22.825,16,13870.32522
10/30/18 17:00,Region 4,79,64.425,61,79.3,79,180,13,50,68.8,28.5,0,0,1008.875,21.475,17,14038.0713
10/30/18 18:00,Region 4,76.5,65,67.75,76.5,76.5,184.5,10.75,44.75,0,0,0,0,0,0,18,14023.69522
10/30/18 19:00,Region 4,74.25,64.75,71.25,74.25,74.25,194.5,9.75,40.75,0,0,0,0,0,0,19,13967.29378
10/30/18 20:00,Region 4,74.25,64,70.5,74.25,74.25,140.75,9.5,83.5,0,0,0,0,0,0,20,14187.22604
10/30/18 21:00,Region 4,71.75,62.25,71.75,71.75,71.75,0,11.25,81.5,0,0,0,0,0,0,21,13881.68818
10/30/18 22:00,Region 4,69.5,61.75,76.25,69.5,69.5,248,10.5,79.75,0,0,0,0,0,0,22,13198.11738
10/30/18 23:00,Region 4,69.225,58.725,69,69.225,69.225,295,8.6,100,62.35,0,0,0,1011.4,16.175,23,12132.98311
10/31/18 0:00,Region 4,68.05,57.775,69.75,68.05,68.05,292.5,7.225,0,61.45,0,0,0,1011.45,14.8,0,10967.26466
10/31/18 1:00,Region 4,67.25,57.775,71.5,67.25,67.25,0,7.475,87.5,61.15,0,0,0,1011.4,14.1,1,10062.0073
10/31/18 2:00,Region 4,66.7,57.775,73,66.7,66.7,292.5,7.225,100,60.95,0,0,0,1011.375,13.35,2,9479.934077
10/31/18 3:00,Region 4,65.475,57.45,75.25,65.475,65.475,295,9.175,100,60.45,0,0,0,1011.325,14.775,3,9131.577277
10/31/18 4:00,Region 4,64.525,57.775,78.5,64.525,64.525,297.5,6.65,87.5,60.25,0,0,0,1011.425,12.25,4,8971.599912
10/31/18 5:00,Region 4,64.025,58.225,81,64.025,64.025,0,7.475,81.25,60.175,0,0,0,1011.5,12.675,5,9083.348983
10/31/18 6:00,Region 4,63.575,58,81.75,63.575,63.575,222.5,6.075,93.75,59.975,0,0,0,1011.375,11.075,6,9682.695402
10/31/18 7:00,Region 4,63.8,56.725,77.75,63.8,63.8,0,5.525,93.75,59.375,0,0,0,1011,9.625,7,10863.6881
10/31/18 8:00,Region 4,64.025,56.225,75.75,64.025,64.025,147.5,8.65,100,59.2,23.5,0,0,1011.125,14.275,8,11510.949
10/31/18 9:00,Region 4,64.3,56.725,76.5,64.3,64.3,217.5,8.925,100,59.575,38,0,0,1011.475,15.4,9,11517.34039
10/31/18 10:00,Region 4,63.475,56.775,78.5,63.475,63.475,297.5,12.025,100,59.225,48.25,0,0,1010.95,19.675,10,11718.70069
10/31/18 11:00,Region 4,61.8,57.775,86.25,61.8,61.8,297.5,12.975,100,59.125,53.75,0.01025,0,1010.85,20.7,11,11873.94454
10/31/18 12:00,Region 4,59.975,57.1,89.75,59.975,59.975,0,13.2,100,57.975,34,0.19775,0,1009.975,22.875,12,11951.34629
10/31/18 13:00,Region 4,56.025,54.25,93.25,56.025,56.025,95,12.925,100,54.85,23.5,0.095,0,1009.325,21.05,13,11892.07079
10/31/18 14:00,Region 4,55.525,54.025,94.25,55.525,55.525,0,12.3,100,54.525,26.5,0.215,0,1009,21.65,14,11858.46176
10/31/18 15:00,Region 4,55.25,53.75,94.25,55.25,55.25,240,17.225,100,54.275,43.25,0.205,0,1009.375,27.025,15,11692.91482
10/31/18 16:00,Region 4,55.25,53.075,92,55.25,55.25,340,16.1,100,53.875,24.75,0.06525,0,1009.625,25.3,16,11563.12748
10/31/18 17:00,Region 4,55.025,53.075,92.75,55.025,55.025,0,11.75,87.5,53.8,10.5,0.06275,0,1009.175,20.575,17,11603.27438
10/31/18 18:00,Region 4,54.25,52.75,95,54.25,50.25,343.5,13.75,100,0,0,0,0,0,0,18,11589.70078
10/31/18 19:00,Region 4,54.45,52.05,91.25,54.45,52.625,314.75,11.5,93.5,0,0,0,0,0,0,19,11645.84996
10/31/18 20:00,Region 4,53.5,50.525,89.75,53.5,51.675,316.25,15.7,100,0,0,0,0,0,0,20,11571.6953
10/31/18 21:00,Region 4,52.8,49.975,89.5,52.8,51.25,337.75,13.925,99.25,0,0,0,0,0,0,21,11421.52574
10/31/18 22:00,Region 4,52.25,48.925,88.75,52.25,50.35,318.75,12.45,98.75,0,0,0,0,0,0,22,11083.25195
10/31/18 23:00,Region 4,51.775,48.2,87.25,51.775,50.55,320,12.8,100,49.75,0,0,0,1010.7,20.05,23,10296.8536
10/30/18 0:00,Region 5,68.45,61.55,78.5,68.45,68.45,185,13.75,0,63.75,0,0,0,1012.15,23.7,0,695.607732
10/30/18 1:00,Region 5,68,61.55,80,68,68,190,13.4,0,63.6,0,0,0,1011.8,23.95,1,660.989578
10/30/18 2:00,Region 5,67.45,61.55,81,67.45,67.45,190,13.2,0,63.4,0,0,0,1011.55,23.05,2,639.000727
10/30/18 3:00,Region 5,66.95,61.85,83.5,66.95,66.95,190,13.3,0,63.4,0,0,0,1011.45,24.25,3,628.338569
10/30/18 4:00,Region 5,66.35,62.25,86,66.35,66.35,190,13.55,0,63.5,0,0,0,1011.35,24.4,4,626.411162
10/30/18 5:00,Region 5,66.05,62.6,88.5,66.05,66.05,190,13.65,0,63.6,0,0,0,1011.3,24.5,5,631.248705
10/30/18 6:00,Region 5,65.45,63,91,65.45,65.45,190,13.75,0,63.6,0,0,0,1011.2,25.05,6,661.556115
10/30/18 7:00,Region 5,65,63.5,94.5,65,65,185,16.25,50,63.85,0,0,0,1011.3,27.6,7,723.163941
10/30/18 8:00,Region 5,65.9,64,93,65.9,65.9,185,15,0,64.4,79.5,0,0,1011.6,26.5,8,747.359979
10/30/18 9:00,Region 5,68.45,64.45,87,68.45,68.45,185,19.6,62.5,65.6,174,0,0,1011.8,24.85,9,744.732874
10/30/18 10:00,Region 5,71.5,64.9,79.5,71.5,71.5,200,15.55,87.5,66.8,201.5,0,0,1012.05,27.6,10,759.731682
10/30/18 11:00,Region 5,74.45,65.45,73,74.45,74.45,205,16.65,100,68.1,272.5,0,0,1011.7,27.65,11,781.15456
10/30/18 12:00,Region 5,76,64.5,67,76,76,225,18.45,75,67.85,317,0,0,1011.5,25.95,12,796.733701
10/30/18 13:00,Region 5,74.45,60.5,62,74.45,74.45,235,17.35,62.5,65.2,353,0,0,1011,24.5,13,804.978799
10/30/18 14:00,Region 5,75,60,61.5,75,75,240,13.2,72.5,65.6,334.5,0,0,1010.65,23.6,14,813.75996
10/30/18 15:00,Region 5,75.95,59.6,61,75.95,75.95,245,14.85,70,66.2,271.5,0,0,1010.3,22,15,814.644775
10/30/18 16:00,Region 5,75.1,59.45,63,75.1,75.1,245,14.1,87.5,66.1,170,0,0,1010.55,22.55,16,820.343829
10/30/18 17:00,Region 5,73.15,59.55,68,73.15,73.15,260,10.4,87.5,65.65,61,0,0,1010.5,17.9,17,819.428481
10/30/18 18:00,Region 5,69.5,59.5,70,69.5,69,258,9,72,0,0,0,0,0,0,18,806.309895
10/30/18 19:00,Region 5,67,58.5,73.5,67,66.5,263.5,10,47.5,0,0,0,0,0,0,19,808.158376
10/30/18 20:00,Region 5,66,57,72.5,66,65.5,268.5,9.5,38,0,0,0,0,0,0,20,820.814081
10/30/18 21:00,Region 5,65,57,74.5,65,64,272,11,62,0,0,0,0,0,0,21,804.033679
10/30/18 22:00,Region 5,63.5,56.5,77.5,63.5,62.5,273,9.5,44,0,0,0,0,0,0,22,770.876413
10/30/18 23:00,Region 5,62.8,57.55,82,62.8,62.8,265,9.6,0,59.25,0,0,0,1013.1,17,23,720.958632
10/31/18 0:00,Region 5,63.25,57.45,81,63.25,63.25,265,10.75,0,59.55,0,0,0,1013.3,17.2,0,668.234739
10/31/18 1:00,Region 5,63.05,57.8,83,63.05,63.05,265,10.4,87.5,59.8,0,0,0,1013.25,17.9,1,640.015192
10/31/18 2:00,Region 5,63.5,58,82,63.5,63.5,270,9.15,100,60,0,0,0,1013.2,17.1,2,621.099235
10/31/18 3:00,Region 5,63.05,57.9,82.5,63.05,63.05,0,10.4,100,59.7,0,0,0,1013.05,18.25,3,607.011696
10/31/18 4:00,Region 5,63.05,57.9,82.5,63.05,63.05,105,10.3,87.5,59.7,0,0,0,1012.9,17.45,4,602.927725
10/31/18 5:00,Region 5,62,58,86.5,62,62,105,8.65,62.5,59.45,0,0,0,1013.4,15.3,5,614.067049
10/31/18 6:00,Region 5,60.95,56.9,86,60.95,60.95,0,7.5,100,58.45,0,0,0,1013.7,13.5,6,643.169616
10/31/18 7:00,Region 5,58.55,54.95,87.5,58.55,58.55,160,7.5,100,56.35,0,0,0,1013.9,13.45,7,698.256678
10/31/18 8:00,Region 5,58.55,54.95,87.5,58.55,58.55,0,0,100,56.35,45.5,0.0055,0,1014,11.75,8,731.983768
10/31/18 9:00,Region 5,57.5,56.6,96,57.5,57.5,0,0,100,56.7,18.5,0.03,0,1014.55,13.3,9,736.577491
10/31/18 10:00,Region 5,56.05,55.6,98,56.05,56.05,0,8.65,100,55.7,25.5,0.08,0,1014.05,15,10,741.012902
10/31/18 11:00,Region 5,56.05,55.6,98,56.05,56.05,0,8.05,100,55.7,31,0,0,1013.15,13.75,11,714.600414
10/31/18 12:00,Region 5,54.5,53.6,96.5,54.5,51.7,0,17.2,100,53.85,54,0.13,0,1012.75,22.85,12,736.134881
10/31/18 13:00,Region 5,53.4,52.95,98,53.4,50.7,340,15.55,100,53.05,71.5,0.48,0,1011.6,22.75,13,744.543323
10/31/18 14:00,Region 5,52.15,52.15,100,52.15,49.8,335,16.1,100,52.15,61.5,0.25,0,1011.55,24.95,14,748.891122
10/31/18 15:00,Region 5,51.95,51.95,100,51.95,48.9,190,16.65,100,51.95,29.5,0.445,0,1011.5,30.1,15,751.243996
10/31/18 16:00,Region 5,52.4,51.95,98,52.4,49.6,185,12.65,100,52.15,23.5,0.185,0,1010.85,24.95,16,756.221963
10/31/18 17:00,Region 5,52.15,51.7,98,52.15,49.8,325,12.65,100,51.9,10.5,0,0,1011.65,23.8,17,767.090208
10/31/18 18:00,Region 5,51,51,99.5,51,47.5,176.5,10,100,0,0,0,0,0,0,18,761.449095
10/31/18 19:00,Region 5,52,49.05,89,52,49.55,10,12.1,100,50.25,0,0,0,1011.05,18.8,19,763.153014
10/31/18 20:00,Region 5,52,49.55,91,52,50.2,345,9.2,100,50.5,0,0,0,1010.8,16.85,20,768.996942
10/31/18 21:00,Region 5,51.55,48.6,89.5,51.55,49.4,305,11.4,100,49.95,0,0,0,1011.6,18.45,21,766.824207
10/31/18 22:00,Region 5,51,47.5,88,51,48.95,310,11.55,100,49.1,0,0,0,1012.2,18.8,22,746.551012
10/31/18 23:00,Region 5,51,46.6,85,51,48.95,325,12.1,100,48.6,0,0,0,1011.55,19.25,23,705.918641
10/30/18 0:00,Region 6,68.45,64.45,87,68.45,68.45,180,8.05,37.5,65.6,0,0,0,1015.5,15.55,0,5536.066431
10/30/18 1:00,Region 6,68.3,65,89,68.3,68.3,180,8.3,37.5,65.85,0,0,0,1015.05,15.75,1,5071.439031
10/30/18 2:00,Region 6,68,65.45,91,68,68,175,8.65,37.5,66.15,0,0,0,1014.6,14.75,2,4779.651407
10/30/18 3:00,Region 6,67.95,65.2,90.5,67.95,67.95,175,7.6,45,65.85,0,0,0,1014.4,13.65,3,4596.94006
10/30/18 4:00,Region 6,67.7,65,90.5,67.7,67.7,180,6.7,50,65.65,0,0,0,1014.2,12.75,4,4521.286034
10/30/18 5:00,Region 6,67.75,64.75,90,67.75,67.75,185,5.6,57.5,65.55,0,0,0,1014,11.95,5,4560.248025
10/30/18 6:00,Region 6,67.55,64.45,89.5,67.55,67.55,185,4.6,62.5,65.3,0,0,0,1013.8,11.2,6,4886.566202
10/30/18 7:00,Region 6,68,65.45,91,68,68,175,5.25,100,66,0,0,0,1014,11.2,7,5549.914884
10/30/18 8:00,Region 6,69.55,66.45,90,69.55,69.55,175,6.9,100,67.3,81,0,0,1014.45,14.85,8,5863.000248
10/30/18 9:00,Region 6,71,66.45,85.5,71,71,190,9.2,100,67.75,170,0,0,1014.95,19.15,9,5862.4898
10/30/18 10:00,Region 6,75,67.55,77,75,75,190,12.8,87.5,69.55,255.5,0,0,1014.8,23.3,10,5986.416704
10/30/18 11:00,Region 6,76,67,73.5,76,76,195,12.1,100,69.65,323,0,0,1014.55,22.8,11,6196.352432
10/30/18 12:00,Region 6,79.5,67.45,66.5,80.95,79.5,185,16.25,87.5,70.8,383.5,0,0,1013.9,25.1,12,6390.271642
10/30/18 13:00,Region 6,80.5,67,63,81.95,80.5,185,15.55,75,70.7,453.5,0,0,1012.6,25.95,13,6557.377221
10/30/18 14:00,Region 6,81.5,67,61,83.05,81.5,165,14.45,75,70.95,430,0,0,1011.4,23.8,14,6783.069107
10/30/18 15:00,Region 6,81.5,65.9,59,82.75,81.5,165,16.8,75,70.35,460.5,0,0,1010.9,23.15,15,6999.787798
10/30/18 16:00,Region 6,81.5,66,59,82.5,81.5,170,15,75,70.35,320,0,0,1010.85,23.4,16,7233.739625
10/30/18 17:00,Region 6,81.05,66.45,61,83.3,81.05,170,12.65,50,70.7,127,0,0,1010.7,18.9,17,7410.930468
10/30/18 18:00,Region 6,77,67,70.5,77,77,166.5,10,35.5,0,0,0,0,0,0,18,7492.796571
10/30/18 19:00,Region 6,75.5,67,74.5,75.5,75.5,164,10,24.5,0,0,0,0,0,0,19,7439.345421
10/30/18 20:00,Region 6,75,67,77,75,75,163,11,42,0,0,0,0,0,0,20,7521.5708
10/30/18 21:00,Region 6,72.5,68.5,85.5,72.5,72.5,165.5,12.5,31,0,0,0,0,0,0,21,7350.571986
10/30/18 22:00,Region 6,72,68.5,89.5,72,72,170,10.5,62,0,0,0,0,0,0,22,6993.121406
10/30/18 23:00,Region 6,71.55,68,88.5,71.55,71.55,165,9.15,87.5,69,0,0,0,1012.15,15.95,23,6421.852764
10/31/18 0:00,Region 6,71.55,68,88.5,71.55,71.55,180,7.5,100,69,0,0,0,1012.1,13.65,0,5808.805651
10/31/18 1:00,Region 6,71.55,68.55,90,71.55,71.55,165,8.05,87.5,69.25,0,0,0,1011.75,13.65,1,5363.775586
10/31/18 2:00,Region 6,71.55,69.1,91.5,71.55,71.55,165,7.5,100,69.5,0,0,0,1011.35,12.65,2,5080.027952
10/31/18 3:00,Region 6,71.55,69.1,91.5,71.55,71.55,0,0,100,69.5,0,0,0,1011.2,9.95,3,4901.523834
10/31/18 4:00,Region 6,72.05,69.1,90,72.05,72.05,0,0,100,69.7,0,0,0,1011,10.85,4,4817.499242
10/31/18 5:00,Region 6,72,69.55,91.5,72,72,170,6.35,87.5,69.95,0,0,0,1011.05,13.3,5,4876.520184
10/31/18 6:00,Region 6,71.55,69.55,93,71.55,71.55,160,6.35,87.5,69.9,0,0,0,1010.8,13.75,6,5224.017363
10/31/18 7:00,Region 6,72,70.1,93,72,72,165,5.25,100,70.35,0,0,0,1010.9,12.2,7,5821.440396
10/31/18 8:00,Region 6,73,70.55,91.5,73,73,155,7.5,100,71.05,30,0,0,1010.9,16.35,8,6179.902991
10/31/18 9:00,Region 6,74.45,70.55,87,74.45,74.45,165,13.9,100,71.45,98.5,0,0,1010.35,23.15,9,6178.690259
10/31/18 10:00,Region 6,76.45,70.55,81.5,76.45,76.45,170,17.9,100,71.95,136.5,0,0,1009.55,24.85,10,6308.082914
10/31/18 11:00,Region 6,79.55,70.1,72,81.4,79.55,175,17.9,100,72.4,145,0,0,1009.2,25.65,11,6530.775544
10/31/18 12:00,Region 6,80.95,69,67,82.95,80.95,175,18.45,100,72.25,184.5,0,0,1008.35,26.55,12,6759.608348
10/31/18 13:00,Region 6,80.95,68.55,66,82.75,80.95,185,17.9,100,72,242.5,0,0,1007,25.05,13,6988.29311
10/31/18 14:00,Region 6,82.05,69,64,85.4,82.05,205,13.75,100,72.4,164.5,0,0,1006.35,21,14,7103.198571
10/31/18 15:00,Region 6,81.5,69.55,66.5,83.6,81.5,200,13.75,87.5,72.6,126,0,0,1005.75,21.85,15,7164.986209
10/31/18 16:00,Region 6,78.55,70.55,76,78.55,78.55,260,6.95,87.5,72.6,65.5,0.0055,0,1006,13.45,16,7199.026854
10/31/18 17:00,Region 6,64.45,62,91,64.45,64.45,315,13.2,100,62.7,47,0.205,0,1007.25,19.95,17,7171.87739
10/31/18 18:00,Region 6,63,60.5,91,63,62.5,344,11.5,90.5,0,0,0,0,0,0,18,6793.840161
10/31/18 19:00,Region 6,62,59,89,62,61,341.5,11.15,97,0,0,0,0,0,0,19,6416.308949
10/31/18 20:00,Region 6,61.5,56.95,85,61.5,60.5,347,11.9,97,0,0,0,0,0,0,20,6182.073358
10/31/18 21:00,Region 6,61.05,57,86,61.05,60.55,346.5,10.7,76,0,0,0,0,0,0,21,6024.131303
10/31/18 22:00,Region 6,60.5,55.95,86,60.5,59.5,287.5,12.4,81.5,0,0,0,0,0,0,22,5806.594313
10/31/18 23:00,Region 6,59.55,55.9,87.5,59.55,59.55,160,8.65,75,57.2,0,0,0,1010.15,17.45,23,5356.398652
10/30/18 0:00,Region 7,71.96,68.58,88.8,71.96,71.96,150,9.04,0,69.4,0,0,0,1016.46,16.12,0,3002.630571
10/30/18 1:00,Region 7,71.88,68.7,89.4,71.88,71.88,150,8.5,0,69.42,0,0,0,1016,15.58,1,2773.087933
10/30/18 2:00,Region 7,71.78,68.8,90,71.78,71.78,158,7.8,0,69.5,0,0,0,1015.52,15.02,2,2627.447843
10/30/18 3:00,Region 7,71.54,68.64,90.8,71.54,71.54,154,8.16,0,69.38,0,0,0,1015.2,15.1,3,2533.491577
10/30/18 4:00,Region 7,71.16,68.6,90.6,71.16,71.16,150,8.42,0,69.18,0,0,0,1014.9,15.36,4,2478.223414
10/30/18 5:00,Region 7,70.92,68.44,91.2,70.92,70.92,146,8.62,0,69,0,0,0,1014.64,15.54,5,2476.361183
10/30/18 6:00,Region 7,70.66,68.36,92,70.66,70.66,142,8.98,0,68.84,0,0,0,1014.32,15.66,6,2614.192225
10/30/18 7:00,Region 7,71.52,68.8,90.8,71.52,71.52,146,8.98,0,69.44,0,0,0,1014.6,15.94,7,2935.611896
10/30/18 8:00,Region 7,74.66,70.26,85.8,74.66,74.66,150,11.58,0,71.24,160,0,0,1014.94,20.02,8,3028.688086
10/30/18 9:00,Region 7,79,70.26,74.2,81.04,79,156,15.22,0,72.44,355.6,0,0,1015.38,25.46,9,3006.669913
10/30/18 10:00,Region 7,81.4,69.02,66,84.4,81.4,162,19.64,70,72.38,531,0,0,1015.52,29.76,10,3171.893762
10/30/18 11:00,Region 7,83.4,69.9,63.4,87.48,83.4,154,21.4,0,73.38,670.2,0,0,1015.16,28.74,11,3393.784825
10/30/18 12:00,Region 7,83.78,70.26,63.4,88.26,83.78,146,17.76,0,73.74,746.6,0,0,1014.6,26.8,12,3594.416588
10/30/18 13:00,Region 7,83.78,70.4,64,88.2,83.78,154,18.64,0,73.9,737,0,0,1013.6,27.9,13,3755.627732
10/30/18 14:00,Region 7,84.18,70.04,62.2,88.38,84.18,146,19.3,0,73.72,653.8,0,0,1012.64,26.16,14,3925.382306
10/30/18 15:00,Region 7,84,70.04,62.6,88.08,84,134,20.08,0,73.68,514.8,0,0,1012.22,28.8,15,4052.122277
10/30/18 16:00,Region 7,83.16,70.04,64.6,87,83.16,148,16.88,0,73.48,290.4,0,0,1012.06,26.82,16,4111.939618
10/30/18 17:00,Region 7,82.18,70.8,68.6,85.26,82.18,146,18.42,0,73.72,119.2,0,0,1011.94,26.26,17,4147.185254
10/30/18 18:00,Region 7,79.2,70.8,76.2,82.4,79.2,147.8,15,63.4,0,0,0,0,0,0,18,4056.49604
10/30/18 19:00,Region 7,77.4,71.4,82,80.4,77.4,147.8,12.6,40.6,0,0,0,0,0,0,19,3889.055754
10/30/18 20:00,Region 7,77,72.2,85.8,79.4,77,150.2,11.2,40.6,0,0,0,0,0,0,20,3914.723062
10/30/18 21:00,Region 7,76.8,72.6,88.4,76.8,76.8,152.6,10.8,33,0,0,0,0,0,0,21,3833.198739
10/30/18 22:00,Region 7,76.4,72.6,88.6,76.4,76.4,152.6,11,34.8,0,0,0,0,0,0,22,3676.131465
10/30/18 23:00,Region 7,76.6,73.02,88.2,76.6,76.6,148,12.12,0,73.76,0,0,0,1012.72,19.66,23,3431.427054
10/31/18 0:00,Region 7,76.82,73.42,88.8,78.74,76.82,148,12.46,75,74.12,0,0,0,1012.42,19.7,0,3148.887149
10/31/18 1:00,Region 7,76.28,72.76,88.4,76.28,76.28,156,10.96,65,73.5,0,0,0,1012,19.28,1,2930.529
10/31/18 2:00,Region 7,75.84,73.2,91.2,75.84,75.84,160,11.74,70,73.74,0,0,0,1011.54,20.12,2,2781.254651
10/31/18 3:00,Region 7,75.4,73.2,92.4,75.4,75.4,156,10.96,70,73.58,0,0,0,1011.04,19.52,3,2690.108735
10/31/18 4:00,Region 7,75.64,73.56,93,75.64,75.64,154,10.08,65,73.94,0,0,0,1010.92,18.42,4,2643.98023
10/31/18 5:00,Region 7,75.02,72.62,91.8,75.02,75.02,150,9.42,0,73.04,0,0,0,1010.88,17.54,5,2650.221221
10/31/18 6:00,Region 7,74.8,72.76,93,74.8,74.8,144,7.38,65,73.12,0,0,0,1010.9,15.24,6,2782.529159
10/31/18 7:00,Region 7,73.92,73.02,96.8,73.92,73.92,142,7.86,0,73.18,0,0,0,1010.76,14.68,7,3091.319302
10/31/18 8:00,Region 7,76.8,74.18,91.2,76.8,76.8,154,11.06,0,74.6,134.8,0,0,1011.1,19.28,8,3185.938561
10/31/18 9:00,Region 7,79,74.18,84.6,82.2,79,154,14.14,68,75.16,308.2,0,0,1011.32,22.28,9,3161.251654
10/31/18 10:00,Region 7,82.34,74.18,76,89.26,82.34,166,18.14,75,76,452.8,0,0,1011.16,26.24,10,3327.633441
10/31/18 11:00,Region 7,83.44,74.18,73.4,90.88,83.44,162,21.44,70,76.34,552.2,0,0,1010.34,29.44,11,3512.066362
10/31/18 12:00,Region 7,85.22,73.74,68.2,92.54,85.22,174,22.6,60,76.48,617.4,0,0,1009.54,32.26,12,3688.862811
10/31/18 13:00,Region 7,85.36,73.92,68.2,93.16,85.36,164,21.18,85,76.62,664.4,0,0,1008.42,30.84,13,3853.450973
10/31/18 14:00,Region 7,84.84,74.36,70.4,92.8,84.84,164,20.28,0,76.76,496,0,0,1007.62,29.24,14,4005.779083
10/31/18 15:00,Region 7,84.56,74.36,71.4,92.44,84.56,166,19.26,0,76.74,279.6,0,0,1007.14,28.6,15,4112.17353
10/31/18 16:00,Region 7,83.22,73.82,73,89.9,83.22,172,21.14,0,76,220,0,0,1006.92,27.42,16,4133.559719
10/31/18 17:00,Region 7,81.8,74.36,77.8,87.48,81.8,174,15.92,0,76.02,99.2,0,0,1007.16,23.38,17,4122.123882
10/31/18 18:00,Region 7,79.4,74.6,84.4,85.4,79.4,197,12.6,66,0,0,0,0,0,0,18,4024.188856
10/31/18 19:00,Region 7,78.6,75.2,88.8,81.8,78.6,0,11.44,44.6,0,0,0,0,0,0,19,3839.09561
10/31/18 20:00,Region 7,78.38,74.8,89,81.58,78.38,154.4,11.2,0,0,0,0,0,0,0,20,3777.901795
10/31/18 21:00,Region 7,77.84,74.36,88.4,81.04,77.84,231.2,10.5,0,0,0,0,0,0,0,21,3722.852964
10/31/18 22:00,Region 7,77.54,71.86,83.2,80.74,77.54,0,21.92,67,0,0,0,0,0,0,22,3648.699464
10/31/18 23:00,Region 7,73.86,66.42,77.4,76.42,73.86,84,17.98,0,68.66,0,0,0,1009.68,27.02,23,3407.403768
10/30/18 0:00,Region 8,67.64,62.04,83.4,67.64,67.64,184,13.82,0,64.02,0,0,0,1011.56,22.72,0,1034.605156
10/30/18 1:00,Region 8,67.34,62.32,84.2,67.34,67.34,188,13.72,0,63.96,0,0,0,1011.2,28.02,1,974.975012
10/30/18 2:00,Region 8,66.9,62.58,85.8,66.9,66.9,192,13.6,0,63.98,0,0,0,1010.82,22.86,2,947.666475
10/30/18 3:00,Region 8,66.94,62.74,86.4,66.94,66.94,192,13.94,0,64.08,0,0,0,1010.72,26.7,3,930.931779
10/30/18 4:00,Region 8,67,63.02,86.2,67,67,198,14.44,0,64.16,0,0,0,1010.62,26.56,4,921.160015
10/30/18 5:00,Region 8,67.02,63.4,87.2,67.02,67.02,196,14.82,0,64.26,0,0,0,1010.5,26.46,5,923.706886
10/30/18 6:00,Region 8,67.06,63.6,88,67.06,67.06,196,15.16,0,64.46,0,0,0,1010.4,25.5,6,955.884185
10/30/18 7:00,Region 8,66.98,63.64,89.2,66.98,66.98,198,14.7,0,64.7,0,0,0,1010.54,26.8,7,1049.5558
10/30/18 8:00,Region 8,68.22,63.64,85.6,68.22,68.22,200,15.38,0,65.14,80.6,0,0,1010.96,24.66,8,1093.388103
10/30/18 9:00,Region 8,70,64,81.6,70,70,202,18.8,0,65.92,193.4,0,0,1011.36,26.88,9,1087.236818
10/30/18 10:00,Region 8,72.76,64.54,77.2,72.76,72.76,206,18.14,0,67.46,356.8,0,0,1011.26,26.54,10,1103.814078
10/30/18 11:00,Region 8,74.96,64.36,70.8,74.96,74.96,210,17.04,0,67.84,486.4,0,0,1011.06,27.16,11,1119.013093
10/30/18 12:00,Region 8,77.22,64.36,66.8,77.22,77.22,206,15.82,0,68.82,622.8,0,0,1010.62,23.02,12,1141.600953
10/30/18 13:00,Region 8,80.24,65.38,63.6,81.64,80.24,208,11.96,0,70.62,650.4,0,0,1009.6,22.96,13,1174.249883
10/30/18 14:00,Region 8,81.4,64.4,58.6,82.44,81.4,218,13.06,0,70.06,592.6,0,0,1008.84,19.44,14,1207.163169
10/30/18 15:00,Region 8,81.98,64.18,57.6,83.84,81.98,210,13.24,0,70.36,494.2,0,0,1008.4,22.24,15,1232.573562
10/30/18 16:00,Region 8,81.22,63.82,58.8,83.1,81.22,194,9.16,0,70,332.6,0,0,1008.52,17.24,16,1261.906591
10/30/18 17:00,Region 8,77.4,62.62,64.2,77.4,77.4,0,12.18,0,68.34,139,0,0,1009,19,17,1283.0727
10/30/18 18:00,Region 8,72.78,61.78,73,72.78,72.78,118,9.96,0,0,0,0,0,0,0,18,1259.748369
10/30/18 19:00,Region 8,69.4,60.8,76.6,69.4,69.4,0,0,0,0,0,0,0,0,0,19,1226.517687
10/30/18 20:00,Region 8,68,60.8,79.6,68,68,0,0,0,0,0,0,0,0,0,20,1230.669942
10/30/18 21:00,Region 8,65.78,60.4,82.6,65.78,65.78,116.8,5.74,71,0,0,0,0,0,0,21,1206.727705
10/30/18 22:00,Region 8,65.78,60.4,82.6,65.78,65.38,0,0,77,0,0,0,0,0,0,22,1153.962479
10/30/18 23:00,Region 8,66.08,60.4,82,66.08,66.08,0,0,0,62.32,0,0,0,1011.64,10.06,23,1086.773053
10/31/18 0:00,Region 8,65.86,59.78,80.8,65.86,65.86,0,0,0,61.92,0,0,0,1011.2,7.2,0,1016.956037
10/31/18 1:00,Region 8,66.04,60.14,82,66.04,66.04,74,5.28,60,62.38,0,0,0,1010.78,10.64,1,976.078285
10/31/18 2:00,Region 8,63.38,57.64,81,63.38,63.38,56,5.76,100,59.6,0,0,0,1010.64,11.08,2,948.477022
10/31/18 3:00,Region 8,63.2,56.84,79.2,63.2,63.2,90,4.18,95,59.14,0,0,0,1010.36,10.1,3,934.236588
10/31/18 4:00,Region 8,62.44,56.18,79.6,62.44,62.44,54,6.24,0,58.46,0,0,0,1010.12,12.28,4,926.570312
10/31/18 5:00,Region 8,61.82,55.38,78,61.82,61.82,44,5.36,100,57.62,0,0,0,1010.08,11.72,5,929.331328
10/31/18 6:00,Region 8,62.44,55.2,76.8,62.44,62.44,70,7.14,100,57.96,0,0,0,1010.08,13.66,6,963.153577
10/31/18 7:00,Region 8,61.34,54.04,76.8,61.34,61.34,56,5.86,100,56.98,0,0,0,1010.08,11.96,7,1042.162446
10/31/18 8:00,Region 8,60.76,55.64,83.4,60.76,60.76,48,15.14,100,57.56,19.2,0,0,1010.68,21.32,8,1075.964173
10/31/18 9:00,Region 8,60.1,55.2,84,60.1,60.1,62,11.02,100,57.12,37,0,0,1011.14,19.18,9,1081.183007
10/31/18 10:00,Region 8,59,54.48,85,59,59,84,11.08,100,56.08,65,0,0,1011.06,20.28,10,1093.640744
10/31/18 11:00,Region 8,57.8,55.28,92.4,57.8,57.8,300,17.54,100,56.32,125.4,0,0,1010.94,26.52,11,1110.380228
10/31/18 12:00,Region 8,57.44,54.84,93,57.44,57.44,54,9.26,100,56.08,225,0,0,1011.1,19.44,12,1123.488522
10/31/18 13:00,Region 8,57.44,54.62,92.4,57.44,57.44,86,8.94,95,56,300.6,0,0,1011.2,17.76,13,1130.132788
10/31/18 14:00,Region 8,55.38,52.68,90.8,55.38,55.38,344,11.3,100,53.74,157.8,0.0122,0,1010.98,21.1,14,1123.936422
10/31/18 15:00,Region 8,54.4,51.58,90.8,54.4,52.24,342,11.06,95,52.88,157,0.0086,0,1011.44,20.94,15,1118.941125
10/31/18 16:00,Region 8,53.4,51,91.6,53.4,50.96,0,13.28,100,52,73.8,0,0,1011.7,22.72,16,1119.68361
10/31/18 17:00,Region 8,51.66,50.12,93.4,51.66,49.3,266,11.52,100,50.62,23.6,0.0242,0,1012.12,20.86,17,1121.622255
10/31/18 18:00,Region 8,50.6,49,92.6,50.6,47.4,350.4,11.26,99.2,0,0,0.0562,0,0,0,18,1112.580403
10/31/18 19:00,Region 8,50.38,49,93.8,50.38,46.34,334.8,10.54,100,0,0,0,0,0,0,19,1109.903257
10/31/18 20:00,Region 8,49,47.2,92.2,49,45.32,275.6,9.4,92.8,0,0,0,0,0,0,20,1120.159301
10/31/18 21:00,Region 8,48.56,46.44,90,48.56,44.36,0,11.36,90,0,0,0,0,0,0,21,1126.040222
10/31/18 22:00,Region 8,48.36,45.64,89.6,48.36,45.04,329.6,8.72,86.8,0,0,0,0,0,0,22,1107.511619
10/31/18 23:00,Region 8,48.4,44.98,86.4,48.4,43.82,312,10.8,0,46.36,0,0,0,1014.58,19.24,23,1054.686999
