SYS_RTU_ID,GraphCard_CardSurf,GraphCard_CardDhole,Gross_Stroke,Net_Stroke
ET413,0.05;9149|0.11;9264|0.22;9930|0.33;10482|0.41;10757|0.75;10967|1.09;11118|1.43;11204|1.76;11110|2.24;10844|2.8;10307|3.36;9900|3.92;9663|4.54;9273|5.33;8772|6.11;8064|6.89;7714|7.67;7553|8.67;7725|9.71;7774|10.74;7725|11.78;8227|12.96;8880|14.29;9726|15.62;10149|16.95;10468|18.36;10703|20;11171|21.65;11585|23.3;11779|24.96;11454|26.92;11025|28.87;10609|30.83;10116|32.79;9494|35.03;8670|37.31;8034|39.62;7570|41.89;7306|44.57;7262|47.28;7135|50;7056|52.77;7421|55.86;8135|59;8738|62.17;9199|65.41;9851|68.8;10777|72.16;11456|75.48;11772|78.86;11595|82.28;11024|85.64;10440|88.94;9909|92.23;9273|95.51;8247|98.77;7031|101.97;6097|105.15;5321|108.31;4580|111.54;3655|114.75;2832|117.91;2424|121.05;3018|124.33;4095|127.66;5952|130.81;8303|133.84;10057|136.84;11019|139.86;11520|142.41;11691|144.92;11724|147.44;11724|149.88;11880|151.87;12216|153.85;12222|155.82;12225|157.69;12243|159.12;12316|160.55;12703|161.98;13151|163.28;13594|164.18;14086|165.06;14476|165.95;14750|166.7;14799|167.04;14707|167.39;14690|167.73;15017|167.96;15046|167.79;15065|167.63;15149|167.47;15250|167.23;15332|166.61;15390|165.99;15408|165.38;15470|164.74;15577|163.72;15787|162.7;15896|161.69;15927|160.72;15951|159.36;15962|158;15957|156.64;15878|155.28;15845|153.75;15850|152.11;15936|150.47;16041|148.83;16167|147.11;16149|145.24;16171|143.37;16260|141.5;16326|139.63;16409|137.58;16534|135.53;16657|133.48;16773|131.44;16865|129.28;16793|127.08;16636|124.87;16526|122.66;16458|120.42;16424|118.11;16418|115.81;16386|113.51;16323|111.22;16362|108.88;16425|106.55;16510|104.23;16568|101.92;16674|99.61;17047|97.31;17467|95.02;17921|92.73;18171|90.44;18340|88.16;18373|85.88;18423|83.59;18459|81.28;18384|79;18277|76.73;18147|74.44;17942|72.14;17644|69.85;17226|67.62;16793|65.37;16491|63.15;16445|60.93;16620|58.83;16843|56.74;17036|54.66;17293|52.58;17589|50.6;17952|48.68;18323|46.75;18701|44.83;19209|42.94;19717|41.17;20195|39.38;20230|37.57;20044|35.71;19616|34.04;19125|32.36;18588|30.65;18156|28.94;17758|27.31;17390|25.76;17052|24.19;16748|22.61;16466|21.09;16046|19.69;15602|18.29;15144|16.87;14700|15.55;14274|14.35;13874|13.15;13523|11.95;13217|10.82;13000|9.83;12894|8.85;12840|7.87;12647|6.95;12333|6.18;12132|5.41;11770|4.64;11343|3.93;11086|3.37;10947|2.82;10844|2.27;10709|1.76;10679|1.42;10706|1.09;10794|0.75;10747|0.44;10683|0.33;10624|0.22;9790|0.11;9270|0.05;9149|,-2.510294;-1714.073|-1.943159;-1522.065|-2.194916;-1331.676|-2.94199;-1116.85|-3.460831;-825.6238|-3.176691;-399.9715|-2.051785;198.9111|-0.5763147;973.7124|0.5968572;1888.905|1.111751;2879.78|1.169375;3864.323|1.448737;4753.256|2.767973;5460.65|5.701765;5920.415|10.35814;6108.478|16.39134;6060.628|23.18966;5870.935|30.11462;5662.321|36.69195;5537.515|42.71794;5534.444|48.2854;5612.607|53.73383;5681.603|59.51733;5657.542|66.004;5514.348|73.27373;5298.345|81.02495;5097.007|88.67667;4982.468|95.6486;4967.202|101.6757;5001.341|106.9584;5012.698|112.0283;4960.836|117.3859;4866.387|123.1361;4793.852|128.8699;4799.467|133.8957;4881.896|137.6832;4973.41|140.2199;4981.502|142.014;4853.788|143.7165;4619.028|145.6061;4369.759|147.3102;4191.099|147.999;4080.169|146.9649;3913.411|144.206;3493.564|140.5777;2658.341|137.3319;1390.31|135.2767;-139.5319|134.087;-1626.882|132.2645;-2763.461|127.8637;-3372.098|119.6103;-3475.281|107.748;-3263.3|94.0684;-2985.131|81.05502;-2826.189|70.61771;-2838.545|63.15704;-2952.985|57.51055;-3052.744|51.79816;-3056.669|44.63914;-2962.31|35.99699;-2831.258|27.15573;-2736.954|19.87912;-2714.761|15.30425;-2745.722|13.26181;-2778.274|12.4209;-2766.663|11.12768;-2697.481|8.386709;-2588.798|4.378398;-2468.07|0.2317912;-2348.917|-2.750111;-2224.315|-3.892889;-2078.536|-3.488752;-1905.08|,151.8919,133.8653
ET431,0.02;8592|0.04;8493|0.09;8511|0.14;8521|0.19;8549|0.24;8587|0.39;8646|0.54;8679|0.69;8692|0.84;8675|0.99;8661|1.24;8655|1.49;8633|1.74;8602|1.98;8549|2.23;8518|2.58;8509|2.93;8527|3.28;8549|3.62;8572|3.97;8602|4.41;8636|4.86;8670|5.31;8697|5.75;8715|6.19;8704|6.74;8679|7.28;8634|7.82;8593|8.35;8557|8.89;8536|9.51;8525|10.14;8536|10.77;8554|11.39;8576|12.01;8626|12.72;8678|13.44;8734|14.16;8748|14.87;8743|15.59;8705|16.36;8670|17.15;8641|17.93;8590|18.71;8538|19.5;8505|20.32;8484|21.16;8473|22.01;8532|22.86;8600|23.71;8656|24.59;8711|25.49;8766|26.4;8788|27.31;8805|28.22;8815|29.14;8752|30.07;8656|31;8571|31.93;8503|32.84;8460|33.78;8447|34.72;8447|35.65;8474|36.59;8544|37.55;8675|38.5;8759|39.45;8819|40.4;8830|41.35;8835|42.31;8833|43.25;8760|44.17;8653|45.08;8479|45.98;8370|46.88;8297|47.78;8314|48.63;8343|49.48;8394|50.34;8485|51.2;8597|52.07;8767|52.87;8889|53.68;8950|54.48;8887|55.28;8790|56.07;8665|56.77;8539|57.47;8412|58.16;8265|58.84;8168|59.52;8190|60.12;8348|60.69;8584|61.27;8866|61.85;9156|62.47;9461|62.94;9706|63.42;9918|63.9;10119|64.4;10295|64.9;10443|65.3;10669|65.68;10886|66.07;11084|66.48;11183|66.81;11302|67.06;11392|67.32;11428|67.58;11476|67.76;11541|67.85;11685|67.94;11769|68.05;11763|67.94;11750|67.85;11630|67.74;11553|67.53;11548|67.21;11609|66.89;11622|66.49;11725|65.96;11766|65.41;11772|64.78;11840|64.03;11872|63.27;11888|62.4;11809|61.43;11755|60.45;11699|59.34;11638|58.18;11620|57.02;11632|55.72;11606|54.42;11585|53.07;11627|51.66;11772|50.25;11930|48.78;12047|47.29;12104|45.79;12156|44.24;12202|42.7;12212|41.15;12202|39.59;12105|38.04;11964|36.5;11900|34.97;11892|33.47;11897|32;11889|30.56;11967|29.13;12091|27.77;12232|26.43;12379|25.1;12460|23.84;12476|22.59;12446|21.36;12413|20.2;12348|19.08;12243|17.96;12097|16.92;11964|15.93;11910|14.96;11956|14.02;12049|13.17;12122|12.33;12246|11.52;12356|10.74;12466|10.03;12554|9.34;12578|8.64;12422|8;12161|7.41;11919|6.83;11705|6.26;11473|5.72;11231|5.25;11028|4.8;10886|4.35;10688|3.9;10515|3.52;10366|3.18;10182|2.84;10009|2.5;9847|2.16;9765|1.92;9675|1.68;9564|1.44;9475|1.21;9387|0.97;9287|0.82;9205|0.67;9136|0.52;9101|0.39;9076|0.24;9067|0.19;9050|0.14;9024|0.09;8966|0.04;8810|0.02;8592|,-4.526703;-2536.689|-4.793087;-2418.443|-4.956365;-2284.038|-5.01221;-2127.727|-5.010889;-1930.051|-5.041842;-1665.557|-5.182055;-1318.104|-5.431958;-896.1663|-5.675508;-438.8693|-5.694169;-7.342543|-5.237023;336.3901|-4.116857;553.4137|-2.283609;642.7729|0.1649426;639.3356|3.042295;595.7534|6.170271;558.1339|9.460131;548.2005|12.93306;560.5761|16.67105;574.8406|20.7302;573.6414|25.06964;555.3646|29.53812;534.2278|33.92342;529.1603|38.03135;549.9425|41.74432;590.3241|45.02634;632.5562|47.87818;659.6263|50.28087;665.9977|52.17289;658.5417|53.48266;646.126|54.19791;624.5573|54.42323;567.7242|54.37969;432.8994|54.33206;179.7347|54.47508;-206.3649|54.83839;-699.4863|55.264;-1236.23|55.47244;-1736.321|55.18559;-2131.26|54.24442;-2387.356|52.66463;-2512.821|50.60868;-2547.153|48.29704;-2539.833|45.91031;-2529.635|43.53128;-2533.783|41.14797;-2549.785|38.70362;-2565.863|36.15669;-2572.528|33.51622;-2568.938|30.83803;-2561.998|28.19254;-2560.643|25.62896;-2569.859|23.15787;-2588.103|20.75946;-2609.051|18.40794;-2625.875|16.09504;-2635.165|13.83913;-2638.318|11.67683;-2640.011|9.644696;-2644.985|7.762695;-2655.136|6.028503;-2668.514|4.424615;-2680.682|2.933367;-2687.65|1.551353;-2688.707|0.2952278;-2687.373|-0.8046728;-2689.576|-1.72067;-2699.648|-2.446172;-2716.187|-3.00591;-2730.419|-3.450532;-2728.644|-3.835713;-2698.07|-4.195687;-2632.908|,61.16661,58.59488
ET438,0.06;7495|0.11;7465|0.22;7473|0.34;7456|0.42;7311|0.77;7326|1.12;7430|1.46;7326|1.81;7136|2.33;6757|2.92;6379|3.5;6304|4.08;6292|4.82;6207|5.64;6143|6.47;6172|7.29;6289|8.22;6330|9.3;6249|10.38;6201|11.46;6249|12.6;6416|13.95;6724|15.31;7003|16.67;7140|18.02;7197|19.66;7170|21.3;7139|22.94;7116|24.52;7037|26.45;6804|28.39;6840|30.32;6920|32.25;6891|34.37;6745|36.61;6348|38.84;5916|41.06;5680|43.43;5739|46;6093|48.59;6239|51.16;6200|53.82;6349|56.7;6573|59.6;6562|62.52;6600|65.51;6635|68.65;6854|71.78;7191|74.92;7523|78.1;7723|81.37;7713|84.62;7356|87.83;6654|91.03;6416|94.28;6313|97.52;6083|100.75;5895|103.97;5618|107.12;5248|110.26;4781|113.35;4205|116.46;3702|119.42;3371|122.38;3500|125.35;3755|128.33;4323|131.12;4828|133.88;5150|136.64;5481|139.5;5907|141.88;6266|144.25;6615|146.64;6928|149.03;7432|151.08;7933|153;8492|154.94;8809|156.86;9086|158.39;9344|159.8;9603|161.19;9830|162.59;10087|163.64;10296|164.52;10494|165.39;10689|166.26;10824|166.81;10996|167.16;11218|167.5;11432|167.84;11868|167.91;12003|167.75;11952|167.59;11909|167.43;11865|167.05;11751|166.43;11643|165.81;11639|165.19;11614|164.42;11616|163.39;11654|162.36;11676|161.33;11804|160.22;11888|158.84;11958|157.47;12178|156.1;12387|154.72;12608|153.05;12827|151.39;12999|149.73;13081|148.11;13134|146.21;13212|144.3;13271|142.39;13249|140.48;13200|138.45;13194|136.34;13167|134.24;13121|132.13;13070|129.97;13032|127.71;12960|125.46;13007|123.22;13312|120.96;13461|118.62;13516|116.28;13594|113.94;13741|111.61;13986|109.23;14142|106.84;14339|104.45;14555|102.06;14753|99.66;14913|97.26;15042|94.85;15078|92.45;14977|90.04;14843|87.65;14771|85.25;14694|82.84;14547|80.43;14333|78.06;14182|75.69;13982|73.3;13696|70.91;13590|68.6;13543|66.29;13386|63.98;13345|61.68;13472|59.46;13788|57.27;13919|55.09;14065|52.91;14285|50.82;14561|48.79;14869|46.78;15259|44.77;15613|42.79;15775|40.93;15880|39.08;15999|37.22;16052|35.34;15931|33.65;15620|31.93;15280|30.21;14938|28.48;14481|26.89;14113|25.32;13697|23.75;13152|22.17;12545|20.72;12231|19.33;12027|17.94;11836|16.54;11719|15.28;11568|14.1;11303|12.92;11084|11.73;10880|10.66;10675|9.68;10480|8.71;10276|7.74;9957|6.86;9513|6.1;9418|5.33;9379|4.57;9296|3.89;9304|3.34;9279|2.8;9178|2.25;9062|1.75;8916|1.42;8818|1.08;8699|0.75;8557|0.44;8308|0.33;8170|0.22;8256|0.11;7868|0.06;7495|,-4.2757;-1384.042|-5.003298;-1050.496|-5.451702;-735.5783|-5.602544;-436.412|-5.391394;-131.7089|-4.775149;213.9984|-3.797832;641.6567|-2.611758;1184.362|-1.430659;1851.131|-0.4235676;2613.273|0.4092203;3401.512|1.316725;4119.964|2.777698;4675.659|5.359986;5012.747|9.496067;5135.157|15.26691;5104.871|22.30517;5014.691|29.88995;4948.285|37.21672;4947.721|43.73005;5004.748|49.35753;5078.327|54.519;5125.89|59.89476;5128.639|66.06635;5096.575|73.21677;5053.074|81.04812;5012.271|88.95521;4966.437|96.3498;4892.458|102.9476;4772.204|108.8583;4611.282|114.441;4441.486|120.027;4303.848|125.6854;4223.301|131.1694;4192.582|136.0605;4177.005|140.0051;4137.097|142.8884;4052.931|144.8449;3931.878|146.1205;3792.67|146.8977;3635.817|147.2098;3421.952|146.9912;3076.932|146.2058;2526.306|144.9303;1742.146|143.3044;774.8668|141.3618;-251.0385|138.8624;-1178.773|135.2704;-1878.683|129.9454;-2295.475|122.4754;-2460.461|112.9703;-2465.63|102.1349;-2416.385|91.04901;-2388.781|80.75061;-2410.769|71.83302;-2470.867|64.26611;-2542.326|57.52715;-2605.203|50.95827;-2654.625|44.14795;-2695.151|37.13535;-2730.212|30.34735;-2756.549|24.33155;-2767.306|19.45221;-2759.521|15.7166;-2738.337|12.80769;-2713.366|10.27708;-2689.294|7.771895;-2657.794|5.172181;-2597.302|2.584049;-2481.851|0.2221372;-2293.986|-1.732253;-2034.114|-3.215387;-1721.067|,152.8123,140.2754
ET446,0.05;7617|0.1;7616|0.2;7616|0.3;7620|0.41;7624|0.6;7621|0.92;7617|1.23;7619|1.54;7621|1.85;7622|2.34;7620|2.88;7620|3.41;7621|3.93;7625|4.52;7619|5.27;7618|6.02;7620|6.77;7620|7.51;7617|8.41;7613|9.39;7611|10.37;7615|11.35;7619|12.32;7615|13.54;7617|14.76;7618|15.98;7612|17.19;7611|18.48;7611|19.95;7613|21.42;7610|22.89;7608|24.35;7608|25.98;7614|27.7;7617|29.42;7611|31.14;7510|32.86;7438|34.82;7432|36.8;7441|38.79;7436|40.77;7412|42.8;7353|45.04;7319|47.26;7321|49.51;7261|51.75;7223|54.1;7215|56.57;7226|59.05;7224|61.56;7206|64.04;7140|66.76;7102|69.49;7087|72.23;7087|74.96;7078|77.72;7045|80.57;6951|83.42;6897|86.27;6817|89.13;6669|92.01;6544|94.91;6472|97.8;6464|100.69;6466|103.58;6463|106.41;6457|109.24;6451|112.07;6450|114.91;6453|117.69;6461|120.4;6466|123.11;6472|125.83;6483|128.55;6472|131.03;6461|133.49;6455|135.95;6455|138.41;6456|140.75;6455|142.85;6421|144.95;6307|147.05;6151|149.13;6016|150.92;5955|152.59;5926|154.25;5914|155.94;6115|157.56;6331|158.8;6485|160.03;6497|161.28;6521|162.53;6579|163.53;6807|164.34;6986|165.14;7127|165.95;7229|166.68;7545|167.01;7708|167.34;7715|167.67;7717|167.99;7715|167.82;7718|167.66;7721|167.49;7719|167.27;7709|166.6;7706|165.93;7747|165.25;7847|164.4;7939|163.24;7940|162.07;7949|160.89;7972|159.38;8089|157.75;8112|156.11;8108|154.38;8171|152.34;8298|150.28;8388|148.28;8396|145.89;8392|143.5;8417|141.08;8531|138.53;8655|135.84;8665|133.14;8655|130.41;8770|127.51;8994|124.6;9229|121.69;9276|118.66;9280|115.6;9359|112.55;9592|109.46;9737|106.35;9824|103.22;9889|100.09;9907|96.94;9907|93.8;9910|90.68;9908|87.58;9906|84.49;9912|81.41;9925|78.4;9936|75.43;9942|72.46;9943|69.54;9945|66.72;9936|63.92;9939|61.15;9950|58.51;9978|55.91;9989|53.34;10001|50.85;10011|48.47;10018|46.1;10001|43.75;9946|41.57;9939|39.43;9941|37.33;9948|35.24;9943|33.36;9922|31.5;9896|29.64;9894|27.84;9882|26.23;9863|24.63;9869|23.04;9914|21.49;9987|20.14;10017|18.79;10025|17.45;10021|16.12;10019|15;10030|13.89;10040|12.78;10047|11.68;10055|10.69;10069|9.79;10064|8.89;10023|8.01;9706|7.14;9377|6.44;9085|5.74;9040|5.05;8967|4.37;8890|3.79;8827|3.29;8784|2.79;8713|2.29;8598|1.8;8433|1.5;8251|1.2;8045|0.9;7768|0.6;7651|0.4;7612|0.3;7605|0.2;7610|0.1;7614|0.05;7617|,-3.858558;-2245.043|-3.978729;-2120.902|-3.981024;-1938.641|-3.896315;-1694.021|-3.712348;-1401.623|-3.34433;-1094.278|-2.634243;-812.8673|-1.392282;-591.5493|0.534066;-446.3376|3.20028;-372.7988|6.550706;-352.9496|10.46083;-366.0369|14.81201;-396.3562|19.55379;-434.3345|24.71727;-472.3708|30.37499;-500.4955|36.57729;-506.4234|43.30933;-480.575|50.49587;-422.3427|58.04655;-342.5102|65.90526;-259.3233|74.06508;-190.2854|82.53539;-144.8486|91.28257;-122.4725|100.1853;-116.5887|109.036;-120.7879|117.5883;-132.3086|125.6197;-150.5634|132.9702;-172.925|139.5381;-192.7412|145.2472;-203.1158|150.0198;-205.1902|153.7832;-214.9727|156.509;-262.0707|158.2509;-378.1266|159.1421;-579.828|159.3377;-856.1975|158.9267;-1168.756|157.8693;-1466.168|156.0043;-1706.262|153.1333;-1873.47|149.1389;-1982.117|144.0679;-2064.274|138.1297;-2149.96|131.61;-2251.565|124.7491;-2361.016|117.6598;-2459.76|110.3282;-2533.69|102.6927;-2582.743|94.74596;-2619.37|86.59554;-2657.978|78.44675;-2703.457|70.52402;-2746.995|62.98365;-2771.918|55.87234;-2765.191|49.15199;-2726.515|42.76738;-2668.934|36.7084;-2610.941|31.02732;-2565.844|25.80575;-2535.608|21.10053;-2512.81|16.90828;-2488.514|13.17237;-2459.902|9.823361;-2432.243|6.82248;-2414.256|4.178047;-2410.812|1.926921;-2418.597|9.787814E-02;-2427.739|-1.316002;-2427.626|-2.359006;-2411.974|-3.0934;-2378.904|-3.577576;-2326.05|,163.3187,69.11354
ET453,0.04;7516|0.1;6877|0.2;7191|0.3;7229|0.35;7222|0.66;7240|0.97;7227|1.28;7243|1.58;7274|2.01;7279|2.53;7278|3.06;7294|3.58;7296|4.17;7265|4.92;7270|5.66;7271|6.41;7222|7.16;7235|8.14;7201|9.13;7239|10.1;7232|11.02;7243|12.25;7271|13.48;7268|14.7;7243|15.92;7232|17.25;7231|18.73;7200|20.2;7141|21.68;7119|23.17;7138|24.9;7115|26.62;7097|28.35;7115|30.08;7146|32;7182|33.99;7199|35.98;7214|37.97;7239|40.06;7231|42.29;7181|44.51;7119|46.72;7006|48.96;6904|51.36;6802|53.77;6772|56.17;6811|58.55;6820|61.12;6881|63.71;6972|66.31;7103|68.92;7203|71.58;7251|74.29;7216|76.99;7084|79.68;6902|82.36;6647|85.02;6379|87.66;5990|90.29;5797|92.92;5735|95.47;5766|98.02;6073|100.59;6405|103.18;6805|105.67;7238|108.11;7578|110.56;7762|113.01;7772|115.33;7559|117.48;7146|119.61;6650|121.72;6143|123.75;5630|125.49;5066|127.23;4801|128.97;4826|130.72;5402|132.14;6116|133.53;6931|134.92;7637|136.31;8253|137.47;8831|138.45;9335|139.44;9885|140.42;10485|141.27;10925|141.83;11333|142.39;11698|142.95;11907|143.46;12129|143.6;12267|143.75;12402|143.89;12617|144.03;12813|143.83;12821|143.58;12884|143.33;12846|143.08;12894|142.6;12977|142;13035|141.39;13096|140.78;13202|140.07;13285|139.14;13292|138.23;13351|137.32;13322|136.38;13256|135.19;13264|134;13172|132.81;13117|131.62;13052|130.24;13006|128.81;12978|127.38;13025|125.96;13109|124.45;13241|122.84;13409|121.24;13506|119.64;13537|118.02;13623|116.28;13649|114.53;13551|112.79;13518|111.05;13262|109.18;13116|107.31;13088|105.42;12968|103.53;12914|101.59;12939|99.6;12939|97.61;13092|95.61;13409|93.59;13490|91.51;13482|89.41;13653|87.29;13663|85.12;13659|82.93;13669|80.71;13567|78.44;13512|76.18;13553|73.9;13547|71.62;13522|69.33;13565|67.06;13614|64.81;13743|62.54;13842|60.27;13797|58.08;13828|55.89;13925|53.69;14019|51.53;14113|49.44;14168|47.35;14159|45.27;14266|43.26;14513|41.3;14634|39.34;14634|37.37;14571|35.54;14402|33.73;14398|31.92;14306|30.15;14071|28.51;13886|26.88;13774|25.27;13846|23.74;14124|22.31;14306|20.9;14423|19.49;14678|18.17;14928|16.94;15164|15.71;15322|14.48;15044|13.35;14576|12.29;14205|11.23;13743|10.18;13228|9.25;12745|8.38;12171|7.51;11645|6.65;11275|5.92;11024|5.25;10642|4.58;10198|3.92;9842|3.36;9511|2.88;9252|2.39;9133|1.92;9011|1.51;8786|1.22;8535|0.93;8312|0.64;8175|0.39;8168|0.29;8157|0.19;8150|0.09;8017|0.04;7516|,-3.247949;536.959|-3.590281;786.0455|-3.793143;1120.398|-4.002402;1595.155|-4.364924;2260.797|-4.935658;3127.446|-5.591121;4137.216|-6.007066;5164.342|-5.736978;6050.877|-4.374419;6665.843|-1.726326;6959.485|2.097056;6982.994|6.734453;6860.696|11.7502;6728.019|16.84174;6668.6|21.96177;6684.897|27.28544;6716.808|33.04633;6693.884|39.34473;6586.947|46.04871;6426.839|52.84748;6280.637|59.4178;6203.959|65.59172;6203.265|71.41556;6234.195|77.06593;6236.36|82.68607;6179.258|88.25992;6085.983|93.61252;6016.986|98.5346;6024.691|102.9385;6111.433|106.9262;6222.291|110.7116;6280.539|114.4424;6242.589|118.0488;6132.913|121.2382;6030.104|123.6608;6007.409|125.1522;6063.913|125.8927;6093.71|126.3582;5920.628|127.0676;5386.428|128.2575;4445.253|129.6785;3209.2|130.6444;1915.226|130.3218;827.5734|128.11;126.2776|123.9057;-160.5087|118.1175;-148.2419|111.4365;-22.07991|104.503;58.37764|97.65524;24.71722|90.88102;-93.18357|83.96641;-212.0299|76.72753;-258.2647|69.17954;-211.4624|61.55521;-107.6897|54.18618;-8.882838|47.33843;37.39502|41.10594;22.58193|35.41516;-25.19391|30.11887;-63.88939|25.10934;-63.87107|20.38246;-22.38387|16.02681;39.28023|12.1598;90.78447|8.858453;109.7232|6.123225;92.09167|3.885633;53.05127|2.044445;19.70021|0.5061832;19.99609|-0.787479;72.46827|-1.852847;181.0499|-2.677126;338.2563|,136.6514,121.4275
ET456,0.05;10162|0.1;9495|0.2;9468|0.31;9730|0.41;9744|0.63;9645|0.95;9295|1.26;8915|1.58;9596|1.91;10017|2.44;9980|2.98;10234|3.52;10469|4.06;10805|4.73;11090|5.51;11047|6.28;10514|7.05;9641|7.82;8997|8.82;8887|9.82;8579|10.81;8480|11.8;8369|12.89;8144|14.12;8020|15.35;8446|16.59;9689|17.84;10286|19.32;10675|20.86;11131|22.41;11649|23.95;11765|25.6;11253|27.41;10412|29.19;9504|30.96;8085|32.73;7364|34.72;7334|36.8;7035|38.91;6811|41.1;7137|43.53;7994|46.25;8932|49.04;10291|51.96;12181|55.17;14033|58.42;14565|61.55;13289|64.66;12167|68.03;11072|71.44;9730|74.87;8582|78.42;7610|82.2;6378|86.14;4425|90.16;3346|94.56;4523|99.22;6797|103.92;9806|108.55;11485|113.14;12437|117.55;12813|121.7;12806|125.77;12993|129.62;13237|133.1;13240|136.49;13238|139.84;13475|142.61;13672|145.3;13698|147.92;13960|150.33;14368|152.34;14497|154.3;14516|156.21;14594|157.91;14700|159.25;14678|160.57;14663|161.88;14683|163.14;14606|163.94;14485|164.73;14387|165.52;14542|166.32;14605|166.81;14625|167.12;14724|167.43;14881|167.74;14985|167.97;15024|167.82;15147|167.68;15724|167.53;15775|167.5;15795|166.94;15881|166.37;15891|165.8;15812|165.24;15767|164.59;15815|163.64;15798|162.71;15493|161.77;15505|160.92;15479|159.64;15445|158.39;15493|157.12;15643|155.86;15769|154.53;15742|153;15795|151.46;16056|149.92;16109|148.39;16123|146.72;16188|144.97;16174|143.21;16018|141.45;15901|139.69;16073|137.75;15944|135.81;15811|133.87;15792|131.92;15824|129.92;15775|127.84;15723|125.76;15902|123.68;15967|121.6;15763|119.43;15806|117.26;15952|115.09;15974|112.92;16005|110.74;16201|108.53;16335|106.32;16155|104.11;16257|101.92;16459|99.71;16473|97.49;16344|95.28;16247|93.06;16209|90.82;15768|88.59;15690|86.36;15731|84.11;15644|81.83;15430|79.56;15466|77.29;15787|75.01;15956|72.68;16129|70.33;16647|68.06;17012|65.71;17039|63.31;16997|60.89;17250|58.56;17187|56.16;16909|53.72;16605|51.31;16298|49;15909|46.7;15563|44.4;15677|42.19;15942|40.08;16042|37.97;16175|35.86;16536|33.9;16921|32;17303|30.09;17924|28.17;18238|26.43;17867|24.7;17521|22.96;17182|21.27;16829|19.76;16415|18.24;16078|16.73;15685|15.35;15079|14.09;14581|12.84;14159|11.6;13754|10.52;13509|9.53;13371|8.55;13203|7.58;12823|6.74;12483|6;12197|5.27;11837|4.55;11548|3.89;11467|3.38;11466|2.87;11386|2.35;11277|1.86;11198|1.54;10810|1.23;10569|0.92;10539|0.62;10498|0.41;10375|0.3;10430|0.2;10806|0.1;10882|0.05;10162|,-2.534262;-2014.137|-2.987529;-1804.178|-3.792997;-1484.07|-4.473742;-1113.107|-4.550092;-735.5952|-3.951484;-329.144|-3.107921;191.533|-2.622834;909.637|-2.748308;1823.254|-3.050287;2807.145|-2.537998;3655.813|-0.2092166;4188.431|4.339168;4350.268|10.64915;4243.004|17.67359;4061.552|24.40461;3977.212|30.43748;4043.07|36.09897;4181.878|42.07576;4259.871|48.8265;4191.688|56.20287;4002.489|63.54356;3806.173|70.1578;3719.513|75.83387;3777.066|80.99458;3909.169|86.38294;3997.655|92.50764;3966.402|99.25537;3838.496|105.9564;3717.184|111.8579;3705.053|116.6579;3822.678|120.7054;3989.217|124.7123;4081.521|129.1857;4028.58|134.0013;3869.268|138.4438;3726.24|141.702;3710.954|143.4624;3829.207|144.1571;3961.581|144.6543;3942.176|145.5878;3685.944|146.7998;3272.624|147.3237;2917.21|145.9654;2832.15|142.1153;3065.309|136.23;3424.434|129.6203;3551.151|123.6423;3113.153|118.8051;2003.57|114.3926;424.9983|108.8761;-1197.495|100.8803;-2426.651|90.09808;-3024.666|77.57594;-3046.239|65.19308;-2768.433|54.67073;-2511.782|46.73;-2466.618|40.89315;-2623.707|35.98955;-2833.76|30.98144;-2938.339|25.55928;-2878.31|20.16284;-2714.26|15.49841;-2560.943|11.95173;-2495.392|9.321261;-2507.931|7.026022;-2525.373|4.585437;-2479.388|1.986159;-2362.349|-0.3382299;-2227.993|-1.880908;-2140.372|-2.488109;-2115.004|-2.505535;-2100.365|,151.8737,101.3463
ET490,0.05;10070|0.1;9845|0.21;9793|0.31;9779|0.46;9724|0.79;9567|1.12;9395|1.45;9114|1.88;8749|2.44;8408|3.01;8347|3.58;8337|4.34;8343|5.15;8477|5.98;8725|6.85;8864|7.93;8960|9.02;9127|10.12;9300|11.38;9539|12.75;9772|14.12;10190|15.54;10359|17.18;10370|18.81;10320|20.44;10216|22.24;9795|24.13;9282|26.02;8964|27.96;8738|30.08;8352|32.2;8165|34.33;8073|36.63;7620|38.99;7239|41.36;7121|43.79;7064|46.37;7032|48.95;7248|51.5;7887|54.22;8523|56.93;8648|59.61;8762|62.3;8785|65.03;8705|67.72;8639|70.37;8713|73.03;8765|75.65;8680|78.22;8531|80.75;8430|83.22;8036|85.65;7232|88.04;6482|90.43;5943|92.71;5560|95.01;5605|97.31;5956|99.62;6366|101.73;6668|103.84;6958|105.93;7188|108.02;7546|109.86;7795|111.7;8398|113.52;9462|115.31;9966|116.81;10972|118.28;11893|119.74;11847|121.19;11951|122.29;12289|123.37;12542|124.45;12783|125.52;12875|126.34;13063|127.05;13205|127.76;13320|128.47;13481|129.08;13715|129.44;13962|129.8;14173|130.16;14378|130.53;14551|130.59;14672|130.62;14744|130.64;14854|130.67;14838|130.56;14807|130.27;14789|129.97;14730|129.67;14677|129.38;14664|128.82;14680|128.23;14697|127.64;14680|127.05;14682|126.35;14671|125.5;14658|124.65;14684|123.8;14702|122.95;14710|121.9;14778|120.82;14898|119.74;14986|118.67;14995|117.53;14984|116.26;15013|114.99;15003|113.72;14999|112.46;15040|111.07;15064|109.64;15068|108.22;15079|106.8;15105|105.36;15112|103.81;15061|102.26;15037|100.71;15056|99.16;15066|97.56;15061|95.92;15081|94.27;15097|92.63;15067|90.98;15048|89.27;15058|87.56;15039|85.85;15011|84.14;15065|82.42;15142|80.67;15179|78.93;15179|77.19;15182|75.44;15204|73.69;15257|71.96;15307|70.23;15336|68.49;15372|66.76;15430|65.06;15505|63.36;15562|61.65;15561|59.95;15510|58.25;15494|56.59;15488|54.93;15488|53.27;15473|51.6;15445|49.97;15393|48.36;15328|46.75;15287|45.13;15232|43.52;15170|41.98;15128|40.43;15223|38.91;15309|37.38;15389|35.9;15467|34.47;15539|33.04;15615|31.63;15672|30.19;15732|28.9;15828|27.6;15897|26.31;15966|25.01;16023|23.75;15993|22.57;15795|21.39;15452|20.2;15139|19.02;14909|17.91;14542|16.84;14225|15.76;13907|14.67;13651|13.59;13440|12.64;13268|11.67;13065|10.7;12768|9.7;12488|8.88;12266|8.05;12039|7.21;11804|6.37;11546|5.68;11381|5.01;11296|4.34;11112|3.63;10907|3.14;10761|2.65;10663|2.16;10612|1.67;10577|1.34;10503|1.04;10382|0.73;10269|0.41;10305|0.3;10345|0.2;10286|0.1;10199|0.05;10070|,-7.714314;311.9333|-7.940177;587.2159|-7.768868;845.1602|-7.505585;1100.939|-7.264975;1393.372|-7.004696;1770.721|-6.667724;2267.365|-6.286658;2881.81|-5.951901;3568.266|-5.670282;4248.333|-5.240383;4838.673|-4.268773;5281.391|-2.347283;5562.058|0.7135037;5707.354|4.752508;5765.826|9.325381;5783.97|13.93559;5790.602|18.28425;5795.351|22.38442;5797.508|26.48005;5796.007|30.84051;5793.077|35.57605;5790.949|40.58949;5787.189|45.67348;5774.929|50.66083;5749.247|55.51059;5714.643|60.27665;5686.297|65.00301;5682.006|69.64479;5709.303|74.08478;5757.293|78.22928;5800.694|82.09534;5815.16|85.80371;5794.123|89.4687;5754.876|93.06645;5728.184|96.39385;5737.213|99.16832;5779.953|101.2102;5827.902|102.5737;5842.749|103.5202;5799.432|104.3372;5698.034|105.1332;5553.701|105.7673;5369.648|105.9857;5112.594|105.6765;4712.12|105.0446;4092.098|104.5374;3221.026|104.5191;2152.359|104.8863;1027.118|104.9038;30.1767|103.4337;-681.7821|99.48767;-1044.685|92.80314;-1109.958|84.08509;-1013.652|74.73055;-908.4233|66.15666;-894.3265|59.1058;-983.2324|53.33121;-1111.52|47.84908;-1188.949|41.60532;-1153.805|34.15796;-1004.756|25.97269;-796.2339|18.17036;-605.3704|11.89745;-492.1859|7.707393;-474.2337|5.311909;-525.2025|3.818388;-592.7529|2.272388;-622.7106|0.1613828;-577.6418|-2.4044;-444.6224|-4.891227;-233.6547|-6.743515;29.28852|,113.9258,101.365
ET502,0.05;9426|0.11;9264|0.22;8903|0.33;9119|0.4;9220|0.72;9405|1.04;9677|1.38;9688|1.7;9972|2.17;10388|2.71;10487|3.25;10332|3.78;10466|4.42;10524|5.16;10365|5.9;10178|6.64;9895|7.42;9595|8.35;9393|9.29;9149|10.21;8842|11.14;8546|12.26;8698|13.39;8642|14.53;8803|15.68;8563|16.96;9081|18.33;9891|19.71;9927|21.12;10146|22.63;10463|24.24;10774|25.88;10886|27.52;10661|29.29;10609|31.11;10514|32.93;10662|34.75;9733|36.71;9029|38.73;8413|40.78;8092|42.84;7769|45.05;7584|47.31;7505|49.62;7818|51.94;7990|54.42;7898|56.91;7973|59.4;8485|61.95;9285|64.57;9893|67.16;10128|69.69;10144|72.24;10043|74.8;9752|77.33;9140|79.83;8593|82.32;8216|84.83;7738|87.32;7260|89.79;6447|92.25;5485|94.73;4804|97.24;4745|99.79;5364|102.34;6247|104.92;7064|107.51;7731|110.12;8505|112.7;9066|115.25;9482|117.79;10111|120.31;11025|122.77;11845|125.19;12499|127.61;13029|129.99;13579|132.25;14066|134.47;14266|136.67;14381|138.88;14586|140.96;14777|142.95;14974|144.94;15221|146.92;15454|148.75;15772|150.45;16030|152.14;16086|153.84;16131|155.39;16113|156.75;16078|158.12;16047|159.48;15999|160.75;15900|161.75;15709|162.74;15622|163.72;15466|164.69;15354|165.32;15376|165.89;15434|166.47;15563|167.04;15709|167.41;15842|167.56;16003|167.7;16178|167.85;16274|167.99;16415|167.7;16586|167.39;16720|167.08;16789|166.77;16756|166.23;16683|165.43;16597|164.63;16488|163.83;16406|162.99;16388|161.69;16329|160.39;16367|159.09;16372|157.92;16356|156.14;16334|154.37;16419|152.59;16589|150.81;16807|148.87;17046|146.66;17200|144.42;17253|142.2;17236|139.95;17157|137.35;17088|134.74;17096|132.13;17164|129.53;17242|126.72;17295|123.84;17267|120.96;17244|118.09;17356|115.16;17459|112.14;17671|109.12;17956|106.11;18117|103.09;18178|100.02;18153|96.92;18010|93.82;17895|90.71;17898|87.64;17815|84.56;17768|81.46;17666|78.36;17425|75.31;17144|72.32;16923|69.33;16883|66.37;17029|63.47;17519|60.73;17743|57.99;17960|55.25;18145|52.56;18304|50.09;18492|47.63;18685|45.17;18969|42.66;19214|40.47;19185|38.25;18764|36.03;18103|33.78;17370|31.72;16617|29.76;16254|27.77;15929|25.77;15614|23.94;15341|22.24;15045|20.53;14834|18.83;14492|17.28;13964|15.86;13315|14.44;12624|13.03;12334|11.77;12279|10.65;12272|9.53;12063|8.41;11800|7.4;11676|6.55;11517|5.71;11270|4.87;10812|4.11;10516|3.52;10355|2.93;10401|2.33;10486|1.8;10651|1.46;10728|1.11;10497|0.76;10396|0.45;10340|0.33;10131|0.22;9824|0.11;9508|0.05;9426|,-1.534657;-122.9677|-2.246837;73.96087|-3.06425;337.6287|-3.331719;611.2381|-2.659357;881.9653|-1.166287;1197.032|0.6190845;1639.894|2.115247;2281.587|3.061561;3135.635|3.684663;4140.595|4.58325;5177.304|6.433342;6109.805|9.703241;6829.754|14.52274;7286.623|20.72849;7495.658|28.00104;7525.291|35.98685;7471.206|44.35591;7425.522|52.81937;7449.346|61.15765;7556.465|69.27297;7714.334|77.22341;7863.463|85.17876;7948.252|93.28612;7945.268|101.512;7874.158|109.5696;7784.58|117.0029;7726.184|123.3934;7719.325|128.5668;7744.442|132.6587;7756.566|135.9915;7715.095|138.8396;7609.015|141.2437;7461.152|142.9996;7309.99|143.8224;7183.462|143.5613;7084.393|142.3025;6997.335|140.2882;6908.659|137.7242;6819.428|134.6457;6734.585|130.9693;6631.226|126.7135;6429.838|122.2117;5998.807|118.1097;5205.734|115.0678;3997.504|113.3075;2464.7|112.2971;844.8928|110.8363;-551.5538|107.5713;-1464.858|101.6895;-1797.132|93.39218;-1651.148|83.83977;-1273.072|74.56773;-928.5832|66.69762;-779.1411|60.40361;-824.2115|54.94778;-936.005|49.25026;-959.5357|42.63192;-814.9144|35.26613;-541.9272|28.06803;-265.7053|22.10982;-111.5151|17.94783;-125.7041|15.29172;-251.8359|13.21514;-373.1018|10.75553;-389.7115|7.508706;-280.0061|3.842155;-107.7684|0.6106554;25.28607|-1.419883;48.06417|-2.058642;-35.02987|-1.782739;-149.458|-1.401631;-198.9498|,147.1541,105.4199
ET504,0.04;7462|0.1;7300|0.2;7332|0.3;7398|0.37;7413|0.68;7418|0.99;7443|1.31;7444|1.62;7483|2.07;7508|2.6;7553|3.13;7553|3.65;7499|4.28;7452|5.04;7382|5.79;7343|6.54;7277|7.34;7221|8.33;7156|9.32;7144|10.31;7119|11.28;7052|12.52;6999|13.75;6965|14.98;6949|16.2;6999|17.61;7015|19.1;7054|20.59;7088|22.08;7178|23.66;7248|25.42;7240|27.17;7278|28.93;7323|30.71;7357|32.73;7415|34.75;7418|36.77;7288|38.77;7127|41.02;7114|43.27;7038|45.52;6713|47.77;6442|50.13;6332|52.58;6213|55.03;6074|57.48;6066|59.98;5968|62.58;5881|65.19;5885|67.83;6040|70.49;6030|73.22;6144|75.94;6431|78.72;6727|81.51;6872|84.31;6988|87.12;7009|89.91;7061|92.7;7116|95.38;7165|98.05;7068|100.71;6810|103.36;6547|105.87;6214|108.3;5880|110.72;5601|113.13;5293|115.4;4902|117.52;4654|119.63;4363|121.74;4205|123.78;4134|125.56;4211|127.34;4543|129.13;4975|130.92;5546|132.36;6078|133.78;6593|135.2;7006|136.71;7449|137.71;7732|138.71;8052|139.71;8273|140.71;8591|141.44;8859|142;9062|142.58;9259|143.14;9455|143.5;9653|143.66;9904|143.8;10047|143.94;10155|143.98;10426|143.73;10440|143.47;10379|143.22;10353|142.95;10349|142.34;10269|141.73;10280|141.12;10274|140.5;10241|139.63;10207|138.7;10205|137.77;10153|136.84;10041|135.74;10004|134.53;10025|133.34;10018|132.13;10125|130.85;10236|129.41;10301|127.98;10301|126.55;10378|125.1;10445|123.48;10457|121.87;10543|120.25;10650|118.64;10719|116.91;10771|115.15;10817|113.38;10801|111.61;10750|109.8;10738|107.91;10703|106.01;10663|104.11;10619|102.19;10607|100.19;10573|98.17;10465|96.14;10375|94.11;10286|92.02;10253|89.92;10257|87.8;10364|85.69;10421|83.55;10491|81.41;10623|79.26;10875|77.08;10979|74.94;11103|72.78;11335|70.62;11571|68.44;11773|66.32;11897|64.19;11996|62.04;12028|59.88;12009|57.78;12018|55.68;11924|53.58;11670|51.51;11603|49.5;11571|47.5;11495|45.49;11408|43.54;11292|41.67;11211|39.8;11065|37.93;10998|36.16;11035|34.45;11054|32.75;11234|31.06;11636|29.47;11932|27.94;12107|26.41;12298|24.88;12472|23.45;12638|22.09;12755|20.73;12902|19.36;13022|18.1;13102|16.89;13158|15.69;12919|14.48;12522|13.38;12111|12.34;11758|11.3;11499|10.27;11218|9.34;10967|8.49;10748|7.64;10514|6.78;10283|6.02;10117|5.35;9822|4.69;9509|4.02;9310|3.43;9116|2.94;8981|2.46;8895|1.98;8809|1.55;8697|1.25;8623|0.96;8541|0.66;8437|0.39;8322|0.29;8232|0.19;8178|0.09;7882|0.04;7462|,-5.285082;-1862.528|-5.973157;-1650.821|-6.355588;-1386.344|-6.402418;-1041.695|-6.23048;-598.3792|-6.033832;-61.14365|-5.93962;534.0955|-5.872407;1123.543|-5.512799;1630.64|-4.389493;1988.735|-2.072952;2163.276|1.620004;2164.632|6.515296;2045.412|12.12921;1882.057|17.86239;1747.24|23.2533;1684.241|28.17011;1694.234|32.84554;1741.961|37.73528;1776.75|43.26908;1758.529|49.6189;1676.235|56.60053;1550.324|63.75563;1419.585|70.5679;1320.549|76.69742;1270.908|82.1118;1264.98|87.05222;1281.698|91.864;1298.588|96.79287;1302.92|101.8588;1294.581|106.8672;1281.424|111.5322;1272.472|115.6278;1274.253|119.0722;1291.293|121.9104;1327.021|124.2258;1380.199|126.0602;1435.867|127.406;1456.177|128.2725;1380.35|128.7632;1140.314|129.0818;689.7792|129.4263;34.43481|129.8128;-753.6664|129.9406;-1549.388|129.2052;-2214.128|126.8999;-2646.046|122.528;-2817.902|116.0715;-2784.191|108.0636;-2653.96|99.40657;-2542.559|91.01197;-2525.516|83.43863;-2615.41|76.71168;-2769.746|70.40863;-2921.89|63.95819;-3016.797|56.98592;-3033.612|49.52449;-2986.797|41.98872;-2909.969|34.94843;-2834.785|28.83829;-2777.183|23.7665;-2736.384|19.5154;-2703.517|15.71289;-2671.681|12.06128;-2640.434|8.48967;-2612.882|5.153924;-2589.161|2.302635;-2562.13|0.1031534;-2518.869|-1.465511;-2446.959|-2.595449;-2340.949|-3.530855;-2204.131|-4.428447;-2043.8|,136.343,132.5211
ET529,0.05;10925|0.11;9663|0.22;9563|0.33;9697|0.41;9723|0.74;9764|1.08;10033|1.42;10454|1.75;10812|2.22;11024|2.78;11031|3.34;10912|3.9;11129|4.52;11449|5.31;11430|6.1;11171|6.88;10892|7.67;10748|8.66;10773|9.68;10496|10.71;10143|11.74;9800|12.88;9630|14.16;9711|15.45;9862|16.73;9746|18.03;9391|19.59;9376|21.16;9782|22.74;10059|24.32;10126|26.08;10222|27.96;10534|29.84;10968|31.73;11426|33.71;11605|35.9;11446|38.07;11276|40.25;11386|42.44;11518|44.9;11370|47.36;10924|49.81;10485|52.25;10398|54.87;10083|57.59;9648|60.29;9134|62.98;8600|65.76;8263|68.71;8250|71.69;8393|74.69;8427|77.73;8418|80.87;8584|84.07;8956|87.34;9248|90.65;9438|94.01;9780|97.36;10236|100.68;10607|103.97;10850|107.18;10993|110.38;10771|113.54;10242|116.66;9600|119.6;8974|122.5;8407|125.38;7860|128.23;7263|130.86;6728|133.42;6040|135.98;5279|138.52;4758|140.94;4312|143.16;4045|145.41;4306|147.67;5169|149.91;6045|151.77;7054|153.64;7783|155.53;8758|157.42;9415|158.8;9938|160.17;10358|161.57;10758|162.96;11155|163.87;11512|164.72;11825|165.58;12143|166.54;12491|166.88;12848|167.21;13218|167.55;13572|167.88;13884|167.89;14147|167.74;14273|167.58;14279|167.43;14301|167.07;14173|166.47;13970|165.87;13854|165.27;13825|164.59;13763|163.6;13653|162.6;13637|161.61;13687|160.64;13790|159.32;13781|157.98;13870|156.64;13928|155.32;13955|153.82;14171|152.21;14538|150.6;14776|148.99;14853|147.32;15093|145.48;15310|143.63;15467|141.78;15521|139.92;15518|137.89;15606|135.86;15519|133.8;15689|131.73;15745|129.57;15520|127.35;15283|125.11;15154|122.86;15049|120.57;14877|118.21;14665|115.84;14457|113.47;14626|111.08;14613|108.65;14714|106.21;14814|103.78;14781|101.34;14931|98.88;15358|96.43;15814|93.97;16160|91.52;16542|89.06;17002|86.59;17541|84.12;17889|81.62;17884|79.15;18123|76.66;18060|74.14;18010|71.61;18084|69.12;17964|66.66;17642|64.16;17347|61.64;17021|59.2;16536|56.79;16084|54.38;15620|51.96;15561|49.73;15475|47.5;15587|45.29;15990|43.08;16305|41.03;16619|38.97;16988|36.93;17381|34.93;17786|33.09;18318|31.25;18864|29.4;19542|27.6;20135|25.91;20460|24.22;20634|22.53;20414|20.93;19876|19.44;19212|17.95;18630|16.45;18135|15.11;17684|13.84;17293|12.58;16752|11.29;16209|10.25;15354|9.21;14845|8.18;14527|7.16;14187|6.37;13860|5.57;13510|4.77;13082|4;12687|3.43;12399|2.87;12222|2.31;12095|1.78;11940|1.44;11801|1.1;11700|0.76;11567|0.44;11461|0.33;11390|0.22;11363|0.11;11302|0.05;10925|,-5.789209;-1449.791|-6.687267;-1242.376|-7.230437;-904.9761|-7.33093;-378.1002|-7.179408;369.0545|-7.13109;1316.318|-7.453964;2384.291|-8.076418;3445.676|-8.48507;4355.423|-7.855877;4991.86|-5.383326;5295.288|-0.6618825;5289.006|6.07226;5072.357|13.9784;4785.691|21.93677;4559.53|29.02319;4468.45|34.90646;4509.492|39.96788;4614.237|45.07599;4687.876|51.12548;4655.842|58.57393;4495.778|67.21268;4241.45|76.28296;3960.403|84.86407;3720.135|92.31738;3561.017|98.55032;3487.342|103.9757;3475.873|109.2164;3492.27|114.7419;3504.701|120.6401;3490.094|126.6305;3435.761|132.2688;3341.6|137.1914;3223.848|141.2485;3114.881|144.4734;3051.394|146.9561;3049.538|148.7473;3077.138|149.8742;3041.759|150.4435;2810.77|150.7153;2264.01|151.0351;1358.876|151.6084;174.3534|152.2399;-1094.757|152.224;-2199.435|150.5204;-2930.246|146.186;-3200.071|138.8612;-3075.178|129.0421;-2738.894|117.9553;-2406.175|107.0653;-2231.792|97.45089;-2256.195|89.37392;-2411.281|82.26587;-2576.051|75.13537;-2647.804|67.16927;-2590.796|58.20081;-2441.241|48.80106;-2273.886|39.96425;-2155.069|32.58;-2110.292|26.9894;-2121.172|22.85799;-2147.239|19.41028;-2154.639|15.87165;-2133.326|11.86483;-2094.983|7.554423;-2057.4|3.488254;-2028.512|0.2518268;-2001.07|-1.859258;-1959.811|-2.975153;-1893.978|-3.543696;-1804.801|-4.06394;-1701.674|-4.824161;-1588.686|,160.7249,154.853
ET532,0.04;8112|0.09;8326|0.18;8240|0.27;8089|0.33;7953|0.61;7956|0.89;7876|1.16;7763|1.44;7686|1.85;7656|2.31;7652|2.78;7695|3.24;7613|3.81;7527|4.46;7447|5.13;7336|5.79;7291|6.51;7525|7.37;7627|8.24;7585|9.1;7852|9.99;7952|11.06;8066|12.14;8057|13.22;7910|14.29;7859|15.57;7838|16.87;7907|18.17;8020|19.43;8070|20.95;7847|22.45;7748|23.96;7634|25.47;7441|27.12;7158|28.83;6849|30.53;6529|32.22;6484|34.02;6492|35.93;6460|37.84;6496|39.75;6565|41.7;6349|43.75;6172|45.8;6134|47.88;6129|49.99;6209|52.21;6344|54.42;6592|56.64;6923|58.87;7254|61.15;7445|63.44;7547|65.71;7369|67.97;7022|70.23;6741|72.48;6751|74.74;6731|76.99;6763|79.17;6734|81.35;6584|83.52;6329|85.69;6102|87.69;5592|89.68;5052|91.65;4487|93.63;4042|95.44;4136|97.22;4511|99;4717|100.78;4900|102.41;5139|103.93;5265|105.45;5338|106.98;5514|108.39;5690|109.62;5831|110.85;6123|112.09;6708|113.23;7931|114.14;8730|115.05;8722|115.97;8681|116.82;8757|117.39;8774|117.96;8778|118.52;8803|119.08;8862|119.3;8799|119.53;8795|119.76;8726|119.99;8698|119.91;8851|119.81;8888|119.71;8957|119.66;9007|119.25;9032|118.84;9067|118.44;9249|118.03;9249|117.43;9365|116.74;9500|116.06;9557|115.37;9526|114.56;9744|113.63;9806|112.7;9832|111.77;9884|110.77;9780|109.63;9826|108.49;9852|107.35;9836|106.19;9795|104.87;9830|103.55;9750|102.23;9749|100.91;9775|99.45;9736|97.97;9586|96.5;9582|95.05;9520|93.47;9564|91.88;9843|90.29;9733|88.7;9818|87.07;9909|85.4;10003|83.74;10129|82.07;10217|80.39;10202|78.69;10282|76.98;10433|75.28;10561|73.58;10603|71.86;10761|70.12;10736|68.41;10640|66.68;10839|64.96;10642|63.24;10674|61.51;10637|59.77;10496|58.05;10487|56.33;10513|54.61;10422|52.88;10332|51.19;10267|49.51;10174|47.84;10032|46.17;10155|44.54;10097|42.94;10075|41.34;10397|39.75;10186|38.2;10457|36.68;10619|35.18;10674|33.68;10763|32.21;10905|30.81;10953|29.41;11059|28.01;11189|26.62;11275|25.33;11241|24.04;11429|22.75;11226|21.46;11115|20.29;11264|19.12;10562|17.95;10562|16.77;10388|15.74;10279|14.71;10291|13.67;10065|12.63;9870|11.7;9618|10.81;9515|9.92;9468|9.03;9148|8.22;9025|7.49;8902|6.75;9017|6.01;8987|5.34;8305|4.75;8459|4.16;8421|3.57;8421|3.04;8424|2.62;8344|2.19;8228|1.76;7977|1.37;7853|1.11;7706|0.85;7349|0.58;6674|0.35;6718|0.26;7443|0.17;7966|0.08;7998|0.04;8112|,-5.187598;-1740.059|-4.787055;-1612.142|-4.302288;-1483.818|-3.858548;-1368.153|-3.445822;-1243.753|-2.952203;-1065.01|-2.251399;-791.6995|-1.282661;-419.4697|-6.823545E-02;8.903453|1.34167;419.8506|2.954925;743.7941|4.88874;947.5313|7.341375;1045.201|10.49212;1082.809|14.38739;1107.968|18.88455;1144.78|23.69302;1188.561|28.49435;1220.577|33.0757;1229.459|37.40519;1222.779|41.61339;1220.962|45.90025;1239.611|50.42506;1275.027|55.23733;1305.091|60.2731;1305.715|65.39958;1270.78|70.46922;1220.101|75.35242;1188.155|79.9455;1200.47|84.17144;1254.315|87.99111;1318.332|91.42204;1352.882|94.54196;1337.95|97.45493;1289.003|100.2227;1248.268|102.7976;1255.132|105.007;1313.957|106.617;1380.563|107.4565;1377.707|107.5339;1231.965|107.0712;911.1796|106.4151;441.403|105.8573;-105.0797|105.4528;-642.1072|104.9359;-1103.292|103.7927;-1459.763|101.4633;-1716.631|97.58294;-1895.983|92.14783;-2020.101|85.52921;-2104.574|78.33678;-2161.3|71.19923;-2203.861|64.56128;-2247.538|58.57634;-2302.631|53.1226;-2366.862|47.9156;-2424.49|42.65891;-2454.855|37.17355;-2445.298|31.46622;-2399.226|25.72407;-2333.073|20.24623;-2264.167|15.33834;-2198.677|11.2064;-2129.212|7.887993;-2044.474|5.249479;-1943.808|3.054141;-1844.79|1.074125;-1776.274|-0.8047456;-1759.931|-2.53858;-1792.692|-3.965372;-1843.393|-4.909493;-1867.92|-5.292479;-1834.14|,112.8264,107.9211
ET533,0.05;7483|0.11;7593|0.22;7239|0.33;6840|0.39;6561|0.73;6452|1.07;6408|1.4;6463|1.74;6418|2.2;6420|2.77;6602|3.34;6978|3.91;7456|4.56;7764|5.38;7903|6.2;7886|7.02;7616|7.86;7382|8.93;7210|10.01;6905|11.07;6316|12.08;5932|13.39;5747|14.7;5656|16.01;5828|17.32;6275|18.75;6444|20.35;6760|21.95;7363|23.57;7728|25.25;7962|27.18;8144|29.1;7962|31.03;7548|32.96;7288|35.15;6919|37.34;6343|39.53;5869|41.69;5321|44.05;5042|46.48;5109|48.97;5885|51.52;6217|54.2;6749|57.11;7330|60.1;7670|63.11;8243|66.22;8649|69.42;8555|72.62;7931|75.79;7317|79.01;6447|82.33;5891|85.65;5303|89.02;4524|92.45;3828|95.91;3813|99.53;4141|103.25;5049|106.95;6349|110.67;7191|114.41;7538|118.06;8213|121.58;8788|125.07;9110|128.53;9495|131.66;9905|134.73;10161|137.74;10672|140.61;11084|143.13;11125|145.6;11131|148.03;11150|150.3;11162|152.21;11165|154.1;11159|155.98;11104|157.74;11034|159.1;11101|160.46;11377|161.83;11668|163.14;11823|164;11978|164.85;12116|165.69;12246|166.58;12420|166.91;12574|167.24;12745|167.58;12693|167.91;12664|167.88;12653|167.73;12604|167.57;12524|167.42;12601|167.03;12605|166.43;12633|165.82;12656|165.22;12746|164.5;12730|163.5;12814|162.5;12878|161.5;12897|160.5;12879|159.17;12907|157.83;12925|156.49;12886|155.14;12854|153.58;12831|151.94;12787|150.3;12741|148.66;12748|146.89;12735|145.02;12818|143.14;12873|141.25;12859|139.35;12895|137.28;12982|135.22;13015|133.17;13008|131.12;13029|128.92;12977|126.71;12917|124.5;12884|122.28;12850|120.01;12789|117.68;12740|115.35;12727|113.02;12665|110.67;12761|108.28;12866|105.89;12913|103.51;12919|101.14;13053|98.76;13080|96.38;13164|94.02;13206|91.64;13155|89.27;13011|86.9;12957|84.53;12891|82.16;12790|79.79;12724|77.44;12645|75.1;12522|72.75;12540|70.4;12764|68.14;12803|65.87;12897|63.61;12999|61.36;13077|59.19;13148|57.04;13350|54.93;13276|52.77;13129|50.67;12961|48.62;12756|46.56;12606|44.5;12478|42.49;12378|40.57;12217|38.65;12184|36.74;12241|34.88;12508|33.16;12954|31.45;13341|29.74;13524|28.04;13689|26.5;13853|24.96;13904|23.4;13788|21.82;13509|20.44;13081|19.06;12517|17.66;12096|16.27;11770|15.03;11401|13.83;11155|12.63;10904|11.39;10623|10.4;10142|9.42;9686|8.43;9497|7.48;9332|6.66;9142|5.9;8977|5.16;8794|4.4;8442|3.77;8116|3.23;8084|2.69;8061|2.16;8023|1.7;8028|1.37;8003|1.04;8029|0.72;7305|0.43;7416|0.32;7431|0.21;7396|0.1;7442|0.05;7483|,-1.744207;-1897.403|-2.31244;-1657.645|-2.794058;-1363.654|-2.835706;-1067.316|-2.260626;-772.7189|-1.258083;-415.0108|-0.2914239;103.5408|0.2389203;838.1696|0.3508172;1737.73|0.5914928;2641.48|1.794983;3348.017|4.618328;3718.81|9.150577;3752.51|14.85343;3582.228|20.87775;3396.639|26.55255;3334.73|31.73145;3419.847|36.78292;3570.956|42.2537;3676.986|48.45169;3679.643|55.23532;3608.383|62.13864;3548.212|68.72028;3569.287|74.8714;3672.708|80.85932;3792.094|87.0841;3847.536|93.73705;3809.39|100.6194;3722.642|107.257;3672.974|113.2245;3720.161|118.4361;3849.831|123.1796;3981.629|127.865;4029.458|132.6689;3969.192|137.3439;3861.355|141.3456;3808.106|144.1961;3873.155|145.8214;4023.659|146.607;4140.972|147.1098;4098.777|147.6188;3856.268|147.8811;3497.809|147.2091;3183.401|144.923;3035.628|140.8402;3036.944|135.4663;3011.105|129.7337;2711.409|124.4333;1968.408|119.7048;807.3256|114.9242;-540.0279|109.0791;-1740.618|101.4042;-2522.711|91.88209;-2801.33|81.3003;-2697.27|70.84412;-2446.905|61.49194;-2264.594|53.58874;-2241.609|46.83345;-2334.029|40.63611;-2431.266|34.57214;-2448.365|28.63079;-2379.072|23.12878;-2282.495|18.40219;-2225.297|14.53013;-2228.876|11.29058;-2260.081|8.357625;-2266.513|5.566218;-2223.184|3.030463;-2151.45|1.026005;-2096.054|-0.2639776;-2080.927|-0.9329986;-2081.482|-1.314083;-2037.519|,150.7168,108.6068
ET535,0.05;8106|0.11;5751|0.22;5374|0.33;5410|0.37;4265|0.71;5833|1.04;4854|1.37;5420|1.7;8081|2.11;9238|2.67;8743|3.22;8016|3.77;7140|4.33;6581|5.1;5933|5.87;6174|6.65;6302|7.43;8343|8.33;9156|9.34;6991|10.34;6285|11.35;6692|12.37;6734|13.64;7310|14.91;8310|16.2;9255|17.51;10242|19.01;10976|20.63;12118|22.26;13700|23.91;14521|25.67;13702|27.61;11750|29.54;10531|31.49;9999|33.55;8951|35.88;8399|38.23;7561|40.58;7028|43.05;6446|45.87;5731|48.75;4697|51.65;3783|54.75;3080|58.13;3443|61.66;4399|65.33;7424|69.22;10231|73.08;11680|76.93;12246|80.92;12364|84.9;12572|88.84;12768|92.75;12613|96.64;12282|100.47;12134|104.26;12156|107.96;12380|111.62;12404|115.22;12150|118.63;11857|121.94;11629|125.23;11622|128.5;11686|131.45;11562|134.32;11512|137.17;11721|140.03;11967|142.46;12190|144.86;12123|147.23;11973|149.56;11671|151.46;11781|153.35;12161|155.23;12380|157.17;12382|158.5;12266|159.85;12230|161.19;12368|162.53;12205|163.58;12023|164.41;11621|165.24;11649|166.07;12095|166.72;12528|167.05;12625|167.37;12385|167.7;12112|167.98;12061|167.83;12556|167.68;13139|167.52;13051|167.46;13112|166.87;13564|166.28;13994|165.69;14016|165.11;14054|164.34;14105|163.36;14196|162.39;14447|161.42;14672|160.42;14806|159.12;14824|157.82;15019|156.52;15113|155.22;14835|153.72;14540|152.13;14359|150.53;14303|148.95;14439|147.28;14632|145.46;14644|143.64;14628|141.82;14628|139.99;14865|138;14752|135.99;14577|133.97;14689|131.96;14923|129.89;15263|127.74;15501|125.58;15567|123.4;15203|121.24;15089|118.99;15020|116.72;15184|114.45;14881|112.2;15085|109.93;15482|107.64;15797|105.34;16144|103.04;16218|100.75;15994|98.46;15805|96.18;16433|93.89;16957|91.62;17051|89.37;17180|87.14;17603|84.89;17961|82.62;17909|80.35;17548|78.14;17029|75.91;16863|73.66;17041|71.42;17141|69.23;16894|67.06;16419|64.83;16447|62.6;16298|60.4;15733|58.27;15134|56.15;14829|54.03;15105|51.9;15900|49.88;16659|47.86;16762|45.84;16915|43.83;17089|41.91;17862|40.02;17899|38.09;17937|36.16;18305|34.34;18882|32.58;19985|30.8;20256|28.99;19304|27.26;18069|25.61;17471|23.97;17052|22.32;16825|20.79;15892|19.35;15578|17.91;15626|16.46;15918|15.17;15895|13.95;15147|12.72;13617|11.5;12348|10.44;11707|9.43;11583|8.45;11442|7.47;11193|6.64;10658|5.88;10771|5.12;11550|4.36;11580|3.74;11356|3.2;10173|2.66;8648|2.11;8234|1.67;8214|1.35;8452|1.03;8784|0.7;8281|0.43;8993|0.32;9558|0.21;10898|0.1;9513|0.05;8106|,1.194376;-553.4773|-0.6255847;-55.85377|-2.603699;452.5012|-3.988543;967.0518|-4.323168;1527.723|-3.789248;2202.66|-3.10816;3052.472|-3.060495;4091.744|-3.93816;5266.792|-5.280206;6460.841|-6.053576;7525.075|-5.160574;8323.407|-1.968827;8774.568|3.424932;8877.375|10.30284;8711.264|17.69358;8411.639|24.77295;8126.937|31.10722;7970.626|36.68256;7984.841|41.78658;8130.423|46.84726;8309.177|52.29364;8410.291|58.44376;8360.589|65.40852;8154.796|73.03012;7851.365|80.90614;7537.516|88.53075;7284.134|95.51147;7116.336|101.7456;7014.918|107.4362;6943.872|112.9187;6882.386|118.3997;6837.848|123.7888;6830.802|128.7518;6864.154|132.9623;6901.873|136.3718;6877.301|139.2847;6730.253|142.1474;6449.667|145.1747;6090.97|148.0778;5751.628|150.1199;5516.376|150.511;5406.589|148.9014;5369.108|145.6288;5315.73|141.5115;5189.935|137.2848;5015.359|133.0497;4887.899|128.1347;4907.968|121.5293;5090.754|112.6537;5313.238|101.9666;5341.22|90.95982;4934.474|81.45621;3979.305|74.58147;2575.565|70.03755;1024.674|66.16596;-283.1996|60.82969;-1030.131|52.6348;-1100.74|41.78262;-619.7348|30.04372;116.1805|19.86074;771.7347|13.09965;1103.766|10.16363;1031.228|9.945156;625.1412|10.57847;41.4007|10.49196;-558.2092|9.128658;-1057.597|6.964334;-1397.171|4.917341;-1556.81|3.606998;-1535.091|2.956469;-1341.279|2.354313;-999.6736|,156.5645,58.4426
ET540,0.04;8344|0.08;6979|0.17;6793|0.26;6765|0.32;6752|0.6;6757|0.87;6760|1.15;6769|1.42;6782|1.82;6772|2.29;6791|2.75;6808|3.22;6803|3.78;6832|4.44;6828|5.1;6802|5.77;6802|6.49;6798|7.36;6777|8.22;6763|9.09;6756|9.97;6732|11.05;6732|12.13;6732|13.2;6748|14.27;6757|15.53;6771|16.82;6778|18.1;6793|19.39;6806|20.82;6811|22.33;6791|23.83;6693|25.33;6645|26.95;6610|28.65;6563|30.37;6551|32.09;6541|33.89;6519|35.81;6500|37.74;6566|39.68;6619|41.73;6647|43.88;6712|46.05;6738|48.23;6743|50.45;6757|52.75;6759|55.04;6712|57.31;6565|59.62;6461|61.95;6143|64.26;5953|66.58;5931|68.92;5897|71.26;5895|73.64;5886|76.01;6183|78.33;6319|80.65;6504|82.97;6915|85.29;6989|87.42;7045|89.52;7053|91.59;7059|93.64;6681|95.49;6426|97.31;6225|99.11;5910|100.89;5689|102.49;5625|104;5598|105.53;5654|107.05;5991|108.44;6513|109.68;6917|110.92;7263|112.15;7641|113.28;8003|114.19;8375|115.11;8810|116.02;9185|116.85;9524|117.42;9817|117.99;9988|118.55;10158|119.09;10400|119.31;10565|119.54;10785|119.77;10979|120;11059|119.9;11066|119.8;11401|119.7;11740|119.64;11862|119.23;11859|118.83;11878|118.42;11926|118.01;11949|117.4;11972|116.72;11995|116.03;12003|115.35;12006|114.52;11994|113.59;11996|112.66;11980|111.73;11964|110.72;11957|109.58;11949|108.43;11929|107.29;11929|106.11;12004|104.78;11990|103.46;12023|102.14;12037|100.81;12074|99.35;12094|97.89;12123|96.43;12143|94.99;12155|93.42;12153|91.86;12117|90.29;12105|88.72;12085|87.11;12087|85.46;12056|83.8;12033|82.15;12024|80.47;12026|78.76;12037|77.06;12055|75.36;12078|73.65;12097|71.93;12126|70.21;12166|68.49;12188|66.78;12224|65.08;12241|63.37;12218|61.67;12189|59.96;12175|58.27;12147|56.58;12085|54.9;12049|53.2;12025|51.53;12003|49.88;12061|48.24;12146|46.59;12216|44.96;12292|43.39;12380|41.82;12464|40.25;12532|38.7;12577|37.23;12578|35.75;12482|34.29;12418|32.81;12348|31.42;12263|30.04;12188|28.65;12124|27.26;12072|25.94;12060|24.65;12162|23.37;12430|22.09;12597|20.87;12815|19.71;12993|18.57;13119|17.43;13201|16.33;13267|15.32;13181|14.31;12991|13.3;12818|12.3;12593|11.43;12275|10.55;12027|9.68;11726|8.78;11460|8.05;11224|7.32;11059|6.59;10910|5.86;10718|5.23;10478|4.65;10251|4.07;10077|3.49;9860|2.99;9642|2.56;9573|2.14;9546|1.72;9353|1.35;9153|1.09;9024|0.83;8917|0.58;8813|0.35;8759|0.26;8761|0.17;8761|0.08;8702|0.04;8344|,-5.27983;-1865.099|-6.529981;-1438.896|-7.154205;-1064.198|-7.223337;-716.1456|-7.006451;-339.1555|-6.804378;116.6614|-6.764767;661.8301|-6.780611;1254.317|-6.5261;1813.227|-5.607702;2251.904|-3.748585;2513.781|-0.9118882;2594.002|2.694613;2537.799|6.725747;2418.173|10.85617;2304.742|14.90691;2238.488|18.88437;2222.928|22.92439;2233.443|27.18247;2237.824|31.73262;2216.46|36.52581;2172.066|41.42177;2125.224|46.26778;2099.839|50.97575;2107.835|55.55395;2142.17|60.07863;2181.953|64.62593;2205.992|69.20644;2206.053|73.74168;2191.354|78.09581;2181.508|82.14162;2192.627|85.81922;2225.877|89.14964;2266.201|92.19506;2291.987|94.99274;2288.468|97.50932;2254.313|99.65248;2194.952|101.3389;2105.713|102.5763;1956.694|103.4992;1693.027|104.3173;1256.31|105.1888;619.4827|106.0822;-183.6062|106.7123;-1053.466|106.6036;-1853.095|105.2694;-2458.976|102.4231;-2810.667|98.1132;-2933.32|92.70634;-2920.671|86.72359;-2887.036|80.6153;-2913.597|74.59464;-3016.929|68.61591;-3154.612|62.50005;-3261.579|56.12506;-3293.962|49.5645;-3254.539|43.09164;-3186.547|37.05105;-3142.507|31.68072;-3149.526|26.99665;-3193.508|22.81168;-3231.615|18.87551;-3223.86|15.04732;-3162.503|11.39169;-3079.552|8.136961;-3026.751|5.52071;-3040.138|3.61853;-3111.288|2.263944;-3183.733|1.112953;-3178.018|-0.1807613;-3031.613|-1.781185;-2731.008|-3.584025;-2317.738|,113.9356,109.6458
ET545,0.04;9068|0.09;8172|0.18;8007|0.27;8057|0.33;7985|0.61;7969|0.89;7914|1.16;7792|1.44;7703|1.86;7644|2.33;7636|2.8;7630|3.27;7609|3.86;7604|4.52;7635|5.19;7628|5.86;7645|6.62;7690|7.49;7761|8.37;7808|9.24;7839|10.18;7814|11.27;7824|12.35;7816|13.44;7769|14.56;7757|15.86;7723|17.16;7721|18.45;7618|19.75;7513|21.25;7461|22.75;7494|24.24;7455|25.72;7413|27.36;7478|29.05;7512|30.73;7554|32.41;7555|34.21;7650|36.09;7775|37.97;7849|39.86;7842|41.81;7856|43.86;7836|45.91;7787|47.96;7736|50.04;7666|52.2;7629|54.36;7555|56.53;7430|58.69;7323|60.9;7292|63.13;7284|65.39;7341|66.86;7418|68.06;7493|72.22;7574|74.51;7580|76.82;7688|79.05;7834|81.28;7895|83.49;8012|85.69;8006|87.73;7899|89.75;7735|91.78;7539|93.8;7420|95.63;7328|97.42;7203|99.22;7119|101.08;7015|102.59;6925|104.11;6887|105.62;6984|107.13;7278|108.49;7542|109.72;7791|110.94;8020|112.18;8347|113.3;8594|114.2;8791|115.11;8980|116.02;9224|116.85;9458|117.42;9614|117.99;9726|118.56;9841|119.09;9965|119.32;10097|119.55;10166|119.78;10227|120;10327|119.9;10468|119.8;10585|119.7;10947|119.62;11420|119.21;11560|118.8;11504|118.39;11467|117.97;11447|117.33;11433|116.64;11484|115.94;11530|115.25;11538|114.38;11606|113.43;11654|112.49;11648|111.55;11696|110.48;11730|109.33;11756|108.17;11776|107.02;11705|105.78;11649|104.45;11616|103.11;11539|101.78;11477|100.4;11458|98.91;11422|97.43;11403|95.94;11354|94.43;11335|92.83;11413|91.23;11472|89.63;11520|88.03;11619|86.35;11647|84.68;11704|83.01;11749|81.36;11762|79.64;11843|77.93;11894|76.22;11838|74.51;11797|72.78;11748|71.05;11661|69.32;11666|67.58;11580|65.86;11548|64.12;11536|62.38;11460|60.64;11402|58.9;11457|57.18;11511|55.47;11602|53.76;11709|52.05;11753|50.4;11835|48.75;11886|47.1;11916|45.46;11993|43.89;12070|42.32;12096|40.75;12076|39.16;11988|37.68;11914|36.21;11851|34.72;11763|33.24;11718|31.8;11676|30.4;11598|28.99;11533|27.58;11492|26.23;11510|24.93;11674|23.64;11781|22.35;11877|21.11;12037|19.95;12129|18.79;12167|17.64;12245|16.51;12326|15.49;12390|14.48;12365|13.46;12109|12.44;11900|11.56;11696|10.68;11484|9.8;11349|8.88;11229|8.14;11106|7.41;10990|6.68;10846|5.94;10689|5.29;10529|4.71;10407|4.12;10279|3.54;10151|3.02;10048|2.6;9958|2.17;9839|1.75;9702|1.37;9561|1.11;9459|0.85;9410|0.58;9351|0.35;9296|0.26;9265|0.17;9207|0.08;9133|0.04;9068|,-5.472207;2282.003|-5.960809;2611.22|-5.943224;2857.133|-5.476844;3057.301|-4.72066;3281.461|-3.841953;3589.023|-2.917032;3992.929|-1.88065;4448.457|-0.5519896;4871.89|1.276532;5178.77|3.734285;5322.36|6.805851;5313.774|10.33661;5214.777|14.10646;5107.656|17.93192;5057.256|21.74391;5083.667|25.6019;5158.456|29.63961;5225.558|33.97384;5235.445|38.62676;5174.196|43.50391;5071.639|48.43871;4983.896|53.27719;4959.998|57.95373;5011.84|62.51365;5105.647|67.06876;5181.133|71.71105;5188.065|76.43504;5118.596|81.11551;5015|85.55602;4946.469|89.58138;4967.487|93.1207;5082.534|96.23109;5239.158|99.04713;5354.771|101.6851;5361.53|104.1591;5241.765|106.3609;5031.632|108.1149;4790.521|109.2762;4555.997|109.8085;4314.423|109.7926;4008.371|109.3561;3578.557|108.5658;3014.76|107.3507;2382.244|105.5066;1803.478|102.7885;1402.021|99.04078;1239.59|94.29439;1283.228|88.77361;1422.744|82.80972;1529.205|76.70944;1520.937|70.65107;1399.487|64.66243;1236.487|58.68401;1121.968|52.6715;1107.057|46.67171;1175.68|40.82665;1260.395|35.30835;1289.623|30.23048;1234.715|25.59586;1126.969|21.31404;1034.966|17.27739;1018.144|13.44595;1087.185|9.885937;1196.689|6.735945;1274.707|4.120386;1270.388|2.063898;1189.909|0.4603722;1098.368|-0.8815745;1086.224|-2.140798;1220.114|-3.389559;1506.682|-4.557095;1889.82|,115.7693,100.7327
ET553,0.05;6902|0.11;6174|0.22;5783|0.33;5519|0.42;5371|0.76;5316|1.1;5205|1.45;4954|1.79;4891|2.3;4814|2.89;4857|3.47;5096|4.05;5215|4.78;5324|5.61;5484|6.44;5536|7.28;5577|8.21;5613|9.3;5248|10.39;5057|11.47;4920|12.6;4765|13.95;4650|15.3;4649|16.65;4519|18;4775|19.62;4981|21.26;5145|22.88;5276|24.44;5271|26.35;5200|28.27;5234|30.19;5096|32.11;4822|34.18;4606|36.43;4440|38.68;4445|40.96;4604|43.38;4690|45.99;4738|48.62;4943|51.28;5196|54.08;5293|57.04;5388|59.99;5237|62.95;4940|66.01;4725|69.22;4581|72.44;4383|75.69;4263|79.05;4179|82.48;4066|85.92;4535|89.35;4868|92.84;5030|96.31;5193|99.75;5184|103.18;5180|106.52;5251|109.83;4730|113.12;4219|116.4;4108|119.51;3848|122.63;4039|125.76;4190|128.87;4269|131.67;4656|134.5;5135|137.3;5437|140.06;5715|142.42;5494|144.78;5186|147.09;4919|149.38;4602|151.27;4139|153.1;3762|154.92;3592|156.77;3757|158.3;4176|159.66;4595|161.03;5025|162.42;5534|163.53;5912|164.39;6257|165.25;6591|166.11;6850|166.75;7032|167.09;7220|167.43;7468|167.77;7719|167.94;7941|167.78;8106|167.62;8232|167.46;8897|167.19;9210|166.58;9354|165.96;9404|165.35;9394|164.68;9335|163.66;9225|162.63;9134|161.61;9050|160.59;8966|159.21;8909|157.83;8925|156.45;9014|155.09;9168|153.47;9317|151.81;9444|150.14;9534|148.48;9576|146.66;9658|144.75;9639|142.84;9516|140.92;9379|138.92;9298|136.8;9205|134.69;9214|132.58;9213|130.45;9242|128.2;9355|125.96;9582|123.72;9712|121.49;9834|119.17;9908|116.83;9925|114.5;9891|112.15;9828|109.77;9625|107.36;9493|104.95;9436|102.54;9421|100.12;9417|97.7;9503|95.28;9574|92.87;9712|90.46;9880|88.08;9960|85.69;9971|83.29;9952|80.89;9885|78.53;9808|76.17;9754|73.82;9644|71.46;9626|69.17;9697|66.9;9817|64.64;9963|62.39;10151|60.18;10203|58.03;10299|55.88;10340|53.72;10266|51.57;10083|49.53;9986|47.49;9822|45.46;9788|43.42;9835|41.53;9896|39.66;10001|37.8;10324|35.93;10576|34.18;10776|32.5;10877|30.79;10782|29.08;10667|27.44;10523|25.9;10234|24.36;9927|22.81;9720|21.31;9527|19.95;9722|18.61;9897|17.26;10073|15.94;10322|14.8;10670|13.66;10864|12.52;11035|11.35;10912|10.41;10633|9.47;10314|8.52;9936|7.58;9604|6.75;9360|6;9150|5.25;8949|4.5;8736|3.84;8457|3.3;8147|2.75;7945|2.21;7795|1.73;7632|1.4;7432|1.07;7283|0.74;7231|0.44;7181|0.33;7071|0.22;6951|0.11;6896|0.05;6902|,-3.495402;-644.1273|-4.311599;-225.2851|-4.795644;224.8352|-5.028168;721.4742|-5.05406;1264.751|-4.809644;1823.302|-4.114149;2336.659|-2.739701;2737.502|-0.5237548;2982.311|2.542053;3072.881|6.301194;3055.719|10.50879;2998.967|14.95181;2959.583|19.54356;2959.111|24.33904;2980.913|29.46738;2988.76|35.02706;2954.198|41.00965;2875.684|47.29681;2778.659|53.7262;2698.24|60.17921;2656.949|66.63226;2652.193|73.14048;2660.993|79.76902;2657.672|86.52117;2631.84|93.31248;2594.31|100.0073;2567.296|106.4903;2566.204|112.7221;2586.308|118.7378;2604.371|124.5876;2594.968|130.2578;2550.622|135.6292;2491.089|140.5051;2453.054|144.7003;2463.838|148.1407;2513.874|150.9111;2545.595|153.2161;2468.703|155.2654;2197.553|157.1411;1693.552|158.7134;991.3256|159.6511;194.4246|159.5257;-559.0962|157.9615;-1146.366|154.7669;-1502.701|149.9905;-1639.564|143.8848;-1631.187|136.8009;-1577.925|129.0656;-1564.026|120.895;-1628.422|112.3769;-1759.446|103.5216;-1912.505|94.34795;-2039.349|84.96055;-2113.483|75.57516;-2139.877|66.48085;-2146.11|57.95563;-2161.886|50.17812;-2199.443|43.18031;-2246.093|36.86646;-2272.845|31.08843;-2253.674|25.73761;-2183.724|20.80329;-2085.124|16.36638;-1996.163|12.53356;-1949.321|9.352317;-1950.594|6.75905;-1972.349|4.593097;-1964.43|2.669353;-1877.637|0.8662838;-1686.292|-0.8241851;-1397.034|-2.314782;-1039.297|,164.7052,154.8023
ET558,0.05;7000|0.1;5311|0.21;5920|0.32;6546|0.42;6885|0.66;6910|0.98;6692|1.3;6177|1.62;5928|1.96;5968|2.49;6311|3.02;6982|3.55;6867|4.07;6018|4.71;5263|5.46;4991|6.2;4991|6.94;5518|7.69;6073|8.66;6437|9.64;6419|10.66;5742|11.68;5286|12.81;5633|14.14;6623|15.49;7678|16.87;8257|18.32;8915|20.04;9864|21.8;10467|23.57;10188|25.42;9211|27.53;8151|29.68;7163|31.87;6249|34.25;5350|36.83;4649|39.48;3993|42.2;3360|45.35;2657|48.54;2241|51.82;3018|55.47;4568|59.3;6103|63.15;7827|67.19;9043|71.35;9847|75.48;10284|79.68;10534|83.92;10563|88.13;10591|92.32;10674|96.49;10692|100.6;10620|104.63;10501|108.57;10471|112.45;10488|116.29;10419|119.86;10400|123.38;10549|126.86;10723|130.16;10743|133.22;10699|136.23;10826|139.2;11127|141.85;11331|144.34;11417|146.78;11505|149.2;11588|151.21;11597|153.11;11528|154.99;11455|156.83;11493|158.34;11569|159.69;11459|161;11362|162.33;11304|163.44;11280|164.26;11299|165.08;11366|165.89;11564|166.65;11845|166.97;12003|167.29;12054|167.61;12105|167.92;12210|167.88;12329|167.73;12546|167.58;12680|167.44;12725|167.13;12746|166.56;12822|165.99;12797|165.42;12779|164.85;12761|163.94;12717|162.99;12626|162.05;12572|161.11;12477|160.03;12433|158.75;12404|157.5;12342|156.24;12354|154.98;12413|153.47;12456|151.94;12517|150.39;12626|148.88;12702|147.28;12854|145.53;12941|143.78;12989|142.03;13062|140.28;13077|138.41;13087|136.47;13076|134.53;13051|132.59;13034|130.62;13022|128.53;12941|126.44;12929|124.35;12993|122.25;13039|120.1;13108|117.92;13125|115.74;13219|113.56;13389|111.37;13515|109.14;13572|106.9;13742|104.66;13855|102.43;13866|100.19;13852|97.93;13837|95.68;13942|93.44;14013|91.2;14021|88.98;14101|86.77;14165|84.56;14171|82.37;14250|80.18;14455|78.04;14558|75.92;14629|73.79;14670|71.65;14723|69.54;14855|67.49;14816|65.41;14739|63.31;14670|61.18;14619|59.15;14530|57.11;14481|55.04;14306|52.94;14159|50.9;14071|48.93;14042|46.95;14335|44.96;14564|42.97;14644|41.1;14901|39.23;15184|37.34;15334|35.45;15508|33.71;15699|31.94;15938|30.17;16001|28.39;15728|26.74;15336|25.11;14994|23.47;14574|21.8;14134|20.35;13758|18.9;13183|17.45;12631|16.01;12141|14.78;11455|13.56;11128|12.34;10897|11.13;10679|10.14;10352|9.14;10105|8.17;9624|7.19;9109|6.43;8824|5.67;8630|4.92;8572|4.14;8468|3.61;8410|3.08;8107|2.55;7956|2.02;7850|1.62;7632|1.3;7435|0.98;7213|0.67;7019|0.42;6968|0.31;6965|0.21;6911|0.1;6829|0.05;7000|,1.499129;-2116.939|1.396858;-1890.574|0.7721743;-1548.942|6.438228E-02;-1143.14|-0.1019284;-719.4715|0.5693218;-262.9081|1.801113;307.3824|2.949317;1082.08|3.509458;2082.971|3.556954;3217.909|3.800192;4304.673|5.198143;5152.736|8.395185;5653.441|13.34708;5824.244|19.37394;5783.583|25.5847;5677.289|31.37828;5604.885|36.69973;5588.046|41.92129;5590.85|47.48022;5567.154|53.5526;5497.763|59.9808;5394.975|66.46312;5280.5|72.82092;5161.929|79.12038;5029.628|85.56171;4874.983|92.24286;4710.827|99.00533;4572.37|105.4998;4493.986|111.4278;4479.494|116.765;4492.136|121.7778;4476.969|126.8007;4402.441|131.935;4289.884|136.9052;4205.107|141.2024;4213.268|144.427;4327.181|146.5816;4487.854|148.0824;4595.494|149.4566;4573.032|150.9307;4418.398|152.2097;4206.926|152.626;4039.59|151.569;3972.664|148.8928;3980.115|144.9949;3978.064|140.4905;3894.791|135.7065;3732.788|130.3751;3570.284|123.788;3491.335|115.3504;3489|105.1642;3415.24|94.2061;3029.318|83.91148;2133.39|75.37823;719.7224|68.69325;-966.5006|62.84721;-2503.088|56.34454;-3478.013|48.16193;-3689.166|38.46107;-3243.826|28.59421;-2499.589|20.37885;-1879.462|15.07931;-1665.678|12.71761;-1885.227|12.12392;-2341.441|11.66755;-2758.37|10.1912;-2942.899|7.570056;-2869.958|4.589887;-2653.699|2.288758;-2441.596|1.235935;-2310.795|1.219133;-2232.687|,152.7279,60.12112
ET575,0.05;8559|0.11;7822|0.22;7949|0.33;8141|0.4;8201|0.74;8204|1.08;8145|1.42;8112|1.76;8274|2.25;8702|2.82;8898|3.4;8843|3.98;8652|4.66;8526|5.49;8445|6.31;8438|7.14;8673|8.01;8476|9.09;8129|10.16;7762|11.23;7815|12.29;7919|13.63;8127|14.97;8508|16.31;8388|17.65;8259|19.19;8239|20.81;8587|22.44;8804|24.07;8897|25.82;8845|27.72;8463|29.61;8067|31.48;7842|33.4;7975|35.53;7875|37.64;7640|39.74;7314|41.77;7229|44.13;7308|46.51;7589|48.93;8289|51.35;8619|53.87;8629|56.57;8324|59.32;8664|62.07;8891|64.85;8983|67.81;8900|70.76;8427|73.69;7620|76.6;6803|79.65;6833|82.77;6948|85.88;6871|88.97;6573|92.12;6326|95.38;6313|98.68;6801|101.99;7807|105.28;8859|108.54;8968|111.76;8620|114.95;8169|118.03;8093|121.03;8294|124.01;8084|126.94;7366|129.72;5997|132.25;4824|134.8;4306|137.37;4611|139.95;5384|142.17;5901|144.42;6191|146.63;6259|148.89;6864|150.89;8168|152.75;9984|154.61;10954|156.45;11249|158.05;11314|159.39;11305|160.74;11399|162.09;11491|163.31;11685|164.15;12043|164.99;12043|165.83;12139|166.63;12260|166.97;12339|167.3;12297|167.63;12476|167.96;12604|167.86;12278|167.7;12118|167.54;12003|167.39;11951|166.91;12029|166.3;12120|165.69;12240|165.09;12401|164.27;12638|163.27;12840|162.27;13079|161.27;13322|160.17;13230|158.83;13253|157.48;13230|156.14;13065|154.78;12826|153.14;12696|151.48;12524|149.81;12044|148.2;12105|146.28;12144|144.35;12145|142.44;12262|140.53;12628|138.53;12848|136.45;12906|134.39;13495|132.34;13723|130.27;13776|128.09;13784|125.91;13829|123.72;13590|121.53;13081|119.24;13190|116.92;12891|114.6;12510|112.28;12406|109.91;12538|107.53;12551|105.15;12555|102.76;13267|100.38;13383|97.97;13486|95.55;13867|93.09;13944|90.62;13871|88.14;13834|85.6;14025|83.04;13341|80.46;13230|77.91;13163|75.32;12984|72.71;13049|70.11;13186|67.61;13276|65.1;13288|62.6;13534|60.13;14495|57.71;14676|55.25;14824|52.79;14872|50.4;14740|48.07;14498|45.74;14431|43.39;14717|41.21;13973|39.05;13354|36.9;13008|34.82;12853|32.89;12842|30.99;13285|29.1;13879|27.31;13886|25.64;13904|23.98;14402|22.33;15302|20.8;15384|19.35;15738|17.9;15707|16.45;14870|15.15;13950|13.91;13781|12.69;13617|11.42;13198|10.42;12485|9.42;12571|8.43;11931|7.45;11192|6.63;10648|5.86;10602|5.11;10568|4.37;10302|3.74;9934|3.2;10056|2.67;9471|2.14;8947|1.69;8701|1.36;8951|1.04;8969|0.72;8892|0.43;8785|0.32;8735|0.21;8795|0.1;8786|0.05;8559|,-2.968883;-105.2746|-2.695059;-42.29036|-2.238047;121.5965|-1.97597;481.4141|-2.124681;1084.909|-2.606501;1902.567|-3.067451;2832.088|-3.019636;3732.548|-2.023039;4470.836|0.1799916;4961.29|3.620083;5186.322|8.135075;5194.792|13.44644;5081.211|19.24629;4952.314|25.27925;4890.211|31.40918;4924.105|37.6503;5022.758|44.13722;5114.049|51.02734;5125.551|58.37124;5026.969|66.02328;4850.502|73.66109;4674.847|80.92522;4579.336|87.60938;4594.721|93.78278;4682.162|99.75222;4756.465|105.8671;4741.424|112.2791;4622.309|118.812;4459.571|125.0379;4351.556|130.5249;4368.288|135.0977;4500.306|138.9348;4659.526|142.4205;4735.676|145.8408;4672.91|149.124;4513.549|151.8187;4373.703|153.3501;4359.628|153.4073;4476.116|152.2074;4589.768|150.4395;4480.472|148.8897;3959.846|147.9522;2990.214|147.3283;1731.444|146.1121;482.1761|143.2346;-456.4879|138.0193;-920.2922|130.5301;-947.3495|121.5191;-736.5549|112.0195;-527.9039|102.8383;-476.7144|94.24425;-592.0708|86.0098;-766.5009|77.73895;-867.7411|69.24192;-829.5501|60.71333;-686.2503|52.61796;-536.8597|45.38769;-470.7534|39.14956;-508.0323|33.66833;-592.7297|28.53129;-638.4389|23.43848;-591.0293|18.39884;-464.6016|13.70703;-328.2227|9.729631;-255.8759|6.655216;-276.0515|4.377938;-355.1833|2.58372;-423.9862|0.9683765;-425.9994|-0.568585;-353.6594|-1.885258;-247.3612|-2.733215;-158.9942|,156.4748,140.3699
ET616,0.05;6029|0.1;5723|0.2;5683|0.3;5665|0.38;5619|0.69;5555|1.01;5609|1.32;5739|1.64;5864|2.11;6011|2.65;6098|3.19;6106|3.73;6126|4.4;6179|5.17;6146|5.94;6020|6.71;5895|7.58;5751|8.59;5634|9.6;5617|10.61;5625|11.67;5563|12.93;5577|14.2;5710|15.46;5806|16.74;5911|18.28;6036|19.79;6022|21.33;5935|22.84;5961|24.63;5947|26.42;5753|28.21;5583|29.99;5435|31.95;5201|33.99;5135|36.02;5255|38.06;5261|40.22;5251|42.5;5436|44.81;5595|47.13;5777|49.53;6056|52.07;6040|54.62;5809|57.18;5717|59.77;5668|62.46;5478|65.15;5198|67.82;4880|70.51;4329|73.3;4328|76.08;4597|78.89;4634|81.73;4745|84.56;4972|87.41;5272|90.26;5611|93.11;6197|95.86;6280|98.58;6090|101.27;5737|103.97;5337|106.44;4886|108.89;4455|111.33;4077|113.76;3556|115.97;3031|118.11;3187|120.27;3814|122.44;4651|124.42;5414|126.25;5910|128.09;6349|129.92;6701|131.61;7166|133.07;7707|134.53;8146|135.98;8724|137.28;9129|138.3;9390|139.32;9494|140.34;9628|141.24;9809|141.82;10075|142.39;10318|142.97;10476|143.47;10537|143.62;10894|143.77;11084|143.91;11158|144.03;11144|143.77;11083|143.5;11052|143.25;10987|143.02;10921|142.39;10849|141.77;10787|141.14;10638|140.52;10578|139.62;10633|138.67;10703|137.72;10837|136.77;10926|135.63;11060|134.39;11179|133.17;11321|131.94;11397|130.59;11382|129.13;11295|127.66;11204|126.19;11162|124.66;11141|123;11097|121.33;11011|119.67;10957|117.97;10969|116.15;11076|114.33;11216|112.51;11302|110.7;11363|108.77;11425|106.85;11507|104.93;11529|103;11544|101.02;11501|99.01;11397|97;11361|94.99;11329|92.95;11331|90.9;11253|88.84;11272|86.79;11276|84.73;11392|82.68;11566|80.62;11676|78.58;11705|76.53;11767|74.49;11787|72.46;11715|70.42;11629|68.37;11507|66.37;11347|64.37;11178|62.36;11275|60.35;11304|58.41;11440|56.47;11597|54.54;11716|52.62;11928|50.77;12151|48.94;12368|47.12;12431|45.29;12375|43.52;12171|41.79;11969|40.06;11812|38.33;11601|36.62;11343|34.99;11103|33.37;11021|31.75;11135|30.16;11363|28.68;11648|27.21;11894|25.74;12124|24.28;12494|22.97;12894|21.66;13089|20.35;13050|19.01;12651|17.86;12278|16.7;11913|15.53;11671|14.36;11237|13.31;10767|12.3;10461|11.29;10066|10.28;9680|9.37;9388|8.52;9181|7.69;9016|6.84;8652|6.07;8326|5.41;8095|4.73;7861|4.07;7609|3.46;7456|2.98;7381|2.49;7282|2.01;7132|1.56;6820|1.26;6756|0.97;6703|0.67;6657|0.4;6674|0.3;6642|0.2;6366|0.1;6045|0.05;6029|,-1.488593;-1029.265|-2.100501;-768.9477|-2.278597;-511.3574|-1.995438;-238.0824|-1.453562;116.7267|-0.9766695;628.4656|-0.8019578;1330.192|-0.8981088;2177.447|-0.9228283;3052.105|-0.3549848;3805.838|1.266606;4321.482|4.127238;4560.643|8.059912;4573.673|12.64503;4468.799|17.42484;4358.511|22.11199;4311.7|26.68405;4334.375|31.3267;4384.599|36.27478;4408.81|41.65138;4377.087|47.39445;4298.532|53.30115;4211.25|59.14918;4156.22|64.815;4152.229|70.31947;4186.505|75.781;4225.118|81.31288;4235.356|86.93077;4205.838|92.52532;4152.281|97.91206;4106.004|102.9244;4092.729|107.491;4115.167|111.6505;4150.67|115.4938;4166.194|119.0692;4141.784|122.3086;4087.302|125.0238;4039.469|126.9876;4036.961|128.0614;4085.122|128.3004;4130.822|127.9717;4066.126|127.4544;3766.072|127.0571;3147.047|126.835;2218.215|126.5026;1097.748|125.502;-19.43518|123.2105;-931.7822|119.2002;-1507.988|113.4279;-1734.146|106.2603;-1708.384|98.3224;-1586.534|90.2425;-1507.186|82.42413;-1534.277|74.95523;-1644.374|67.68949;-1760.513|60.43869;-1809.092|53.15683;-1765.545|46.00873;-1663.84|39.29045;-1568.214|33.26073;-1528.348|27.99542;-1547.807|23.35904;-1585.292|19.11031;-1586.172|15.07206;-1522.174|11.25405;-1412.433|7.848358;-1311.797|5.098956;-1274.083|3.130148;-1314.465|1.845905;-1395.823|0.9676537;-1448.311|0.1889464;-1409.677|-0.6512334;-1260.195|,130.579,122.2051
ET629,0.04;6252|0.08;5962|0.17;5960|0.25;6192|0.32;6594|0.57;6743|0.83;6903|1.08;6832|1.33;6589|1.7;6483|2.11;6189|2.53;5841|2.94;5750|3.45;5675|4.01;5893|4.58;6268|5.15;6418|5.78;6628|6.5;6850|7.21;6798|7.93;6755|8.68;6464|9.54;6015|10.39;5834|11.24;5643|12.1;5517|13.08;5599|14.07;5781|15.06;6149|16.04;6565|17.16;6685|18.28;6696|19.4;6584|20.51;6359|21.7;6028|22.92;5640|24.13;5158|25.34;4964|26.62;5263|27.94;5563|29.28;5868|30.62;6358|32;6650|33.45;6831|34.88;6944|36.31;6370|37.74;5628|39.21;5314|40.68;4772|42.15;4613|43.63;4689|45.18;4713|46.75;5612|48.34;6599|49.94;7026|51.59;7374|53.22;7208|54.84;6696|56.44;6441|58.04;5454|59.63;4488|61.21;3965|62.81;3812|64.4;4407|66.03;5228|67.69;6120|69.35;7326|71.01;7960|72.65;8429|74.3;8498|75.94;8683|77.57;9121|79.15;9303|80.73;9624|82.31;10095|83.86;10369|85.34;10561|86.83;10559|88.31;10412|89.76;10370|91.12;10309|92.48;10171|93.84;10051|95.18;10060|96.39;10269|97.6;10524|98.82;10667|100.03;10761|101.07;10880|102.11;11001|103.15;11119|104.18;11466|105.03;11825|105.86;11924|106.68;12002|107.56;12073|108.15;12150|108.74;12189|109.33;12172|109.92;12111|110.34;11964|110.67;11861|110.99;11775|111.32;11680|111.51;11695|111.55;11746|111.6;11833|111.64;12017|111.59;12147|111.34;12235|111.09;12310|110.83;12257|110.54;12199|109.98;12079|109.42;11919|108.87;11853|108.31;11749|107.45;11744|106.6;11901|105.74;11981|104.94;12108|103.8;12247|102.66;12319|101.52;12352|100.38;12316|99.08;12162|97.67;12035|96.26;11979|94.85;11912|93.34;11879|91.7;11866|90.06;11952|88.43;12137|86.75;12258|84.94;12292|83.13;12292|81.32;12240|79.5;12247|77.55;12235|75.61;12061|73.66;11998|71.71;12069|69.72;12150|67.71;12325|65.71;12407|63.7;12408|61.69;12503|59.68;12553|57.66;12467|55.62;12281|53.62;12157|51.63;12188|49.65;12234|47.67;12252|45.74;12402|43.87;12572|41.99;12842|40.13;13066|38.29;12997|36.54;12874|34.78;12757|33.02;12573|31.27;12305|29.66;12107|28.06;12057|26.45;12123|24.85;12235|23.42;12469|22.01;12847|20.61;13164|19.14;13302|17.91;13147|16.68;12899|15.44;12632|14.2;12316|13.08;11907|12.03;11498|10.98;11081|9.93;10564|8.99;10276|8.14;10098|7.3;9855|6.45;9523|5.7;9185|5.05;8876|4.4;8522|3.76;8417|3.18;8367|2.72;8249|2.26;8027|1.81;7705|1.4;7575|1.13;7473|0.86;7439|0.58;7526|0.35;7445|0.26;7342|0.17;6881|0.08;6481|0.04;6252|,-0.463038;-1326.91|-1.03281;-1008.334|-1.250137;-693.7542|-1.048537;-384.3428|-0.573649;-11.17913|-8.094013E-02;518.9671|0.2686146;1249.75|0.5721659;2124.318|1.187519;2995.255|2.561483;3693.176|4.990312;4112.195|8.465347;4258.963|12.70003;4236.144|17.31306;4174.305|22.0418;4158.312|26.84785;4194.295|31.85866;4232.482|37.2039;4222.415|42.87214;4157.653|48.6876;4079.194|54.41226;4039.982|59.88605;4061.701|65.09555;4118.708|70.12226;4160.9|75.01683;4156.035|79.7028;4116.773|83.98905;4090.01|87.68355;4116.421|90.7191;4192.771|93.18867;4268.854|95.25536;4284.537|97.00211;4219.79|98.33862;4117.398|99.0488;4055.914|98.9565;4087.862|98.092;4187.763|96.72664;4252.625|95.22926;4162.672|93.82854;3865.364|92.44506;3423.592|90.72553;2987.825|88.27971;2701.919|84.97614;2600.376|81.09764;2566.83|77.23581;2388.535|73.97025;1880.343|71.52443;1004.31|69.61562;-90.30643|67.60035;-1134.482|64.83238;-1875.911|61.01693;-2203.747|56.35024;-2189.445|51.372;-2025.035|46.63854;-1903.14|42.42826;-1915.07|38.65449;-2025.307|35.0148;-2127.277|31.25204;-2133.391|27.34235;-2035.798|23.49344;-1901.336|19.97704;-1813.128|16.93204;-1807.037|14.28372;-1850.04|11.82919;-1873.017|9.414481;-1829.245|7.0648;-1732.224|4.969769;-1644.014|3.337403;-1623.779|2.229219;-1676.521|1.502184;-1741.728|0.9028725;-1731.379|0.2447681;-1589.259|,100.2989,66.70212
ET637,0.06;5158|0.11;5150|0.22;5207|0.34;5257|0.42;5211|0.77;5264|1.12;5340|1.46;5400|1.81;5375|2.33;5365|2.93;5358|3.51;5315|4.1;5326|4.84;5340|5.67;5303|6.51;5291|7.33;5316|8.28;5343|9.37;5318|10.45;5219|11.53;5216|12.69;5263|14.04;5344|15.39;5373|16.74;5396|18.1;5357|19.71;5341|21.35;5393|22.97;5522|24.54;5579|26.44;5531|28.34;5466|30.24;5377|32.13;5236|34.16;5159|36.34;5133|38.5;5163|40.66;5076|42.89;4993|45.33;4966|47.78;4962|50.24;4989|52.71;5034|55.43;5112|58.17;5184|60.92;5198|63.68;5185|66.58;5125|69.56;5164|72.53;5188|75.5;5224|78.51;5085|81.58;4757|84.65;4586|87.7;4413|90.75;4295|93.85;4232|96.96;4199|100.07;4160|103.19;4104|106.28;4082|109.38;4185|112.51;4444|115.71;4615|118.71;4818|121.71;4882|124.7;4904|127.69;4802|130.5;4689|133.17;4690|135.83;4565|138.47;4327|140.95;3934|143.17;3377|145.38;2894|147.58;2631|149.77;2617|151.55;2849|153.33;3080|155.12;3268|157.05;3514|158.37;3896|159.7;4258|161.03;4772|162.37;5612|163.48;6357|164.32;7039|165.16;7579|166;7985|166.7;8352|167.03;8573|167.36;8743|167.69;8944|167.98;9117|167.83;9208|167.67;9235|167.52;9249|167.42;9291|166.82;9248|166.21;9248|165.61;9294|165.01;9283|164.15;9324|163.14;9424|162.14;9509|161.14;9572|160;9596|158.66;9596|157.32;9706|155.97;9706|154.58;9687|152.94;9685|151.28;9731|149.64;9676|148.03;9621|146.14;9657|144.25;9705|142.37;9682|140.48;9687|138.48;9768|136.41;9829|134.34;9859|132.28;9963|130.17;10096|127.98;10288|125.79;10221|123.59;10370|121.4;10513|119.11;10544|116.81;10553|114.51;10621|112.19;10673|109.82;10594|107.42;10444|104.99;10408|102.55;10440|100.1;10367|97.62;10198|95.11;10345|92.58;10287|90.05;10405|87.51;10407|84.97;10615|82.43;10813|79.89;10902|77.39;11054|74.87;11249|72.33;11345|69.79;11341|67.3;11339|64.8;11358|62.29;11397|59.83;11114|57.44;11094|55.06;11079|52.66;11011|50.34;10820|48.08;10702|45.83;10686|43.6;10779|41.51;10886|39.43;11173|37.37;11423|35.32;11534|33.46;11529|31.59;11606|29.71;11750|27.86;11822|26.17;11773|24.5;11605|22.83;11236|21.23;10865|19.76;10535|18.29;10255|16.84;10041|15.49;9825|14.26;9374|13.03;9000|11.81;8718|10.69;8418|9.7;8099|8.71;7829|7.72;7710|6.83;7571|6.06;7429|5.3;7289|4.54;7159|3.86;6996|3.31;6822|2.76;6678|2.22;6580|1.74;6538|1.41;6446|1.08;6442|0.75;6431|0.44;6337|0.33;6211|0.22;5969|0.11;5382|0.06;5158|,0.146599;-4323.937|-0.6595077;-4124.277|-1.301786;-3951.316|-1.503958;-3733.76|-1.139151;-3388.948|-0.35483;-2881.332|0.5071641;-2252.878|1.161176;-1603.746|1.634445;-1035.873|2.344096;-597.7277|3.920138;-267.2769|6.870849;17.03447|11.29948;301.3929|16.85504;578.339|22.94902;792.8437|29.09565;887.746|35.1553;854.413|41.33081;750.1167|47.93673;667.301|55.11315;674.9416|62.68452;773.1481|70.25452;893.8527|77.45843;948.2508|84.18687;888.4326|90.62167;740.2206|97.06463;584.3153|103.6895;499.5045|110.3977;508.7362|116.8784;566.86|122.8178;598.7958|128.0973;560.0681|132.8268;474.4245|137.1946;418.5716|141.2568;461.6831|144.8422;601.0109|147.6674;740.4456|149.5914;731.5485|150.815;454.5257|151.8476;-111.3145|153.213;-872.5369|155.059;-1671.349|156.9286;-2367.974|157.8702;-2903.839|156.8615;-3308.812|153.3142;-3654.257|147.367;-3989.002|139.7934;-4303.552|131.5872;-4544.765|123.4787;-4666.01|115.662;-4673.138|107.8715;-4631.208|99.71691;-4626.519|91.0382;-4711.247|82.05338;-4870.375|73.22924;-5034.286|64.9952;-5127.684|57.51046;-5120.086|50.63718;-5042.986|44.11498;-4963.469|37.79277;-4935.235|31.74799;-4963.167|26.2195;-5006.213|21.4219;-5014.362|17.3901;-4970.36|13.96906;-4903.977|10.94571;-4867.821|8.211176;-4893.104|5.823217;-4959.364|3.92164;-5002.339|2.568636;-4955.814|1.647765;-4797.405|0.9109778;-4564.012|,159.3742,153.6464
ET647,0.04;6574|0.09;7735|0.19;7589|0.29;6865|0.39;5529|0.63;4547|0.94;6367|1.24;7411|1.55;7253|1.96;6956|2.5;6743|3.04;6045|3.58;4988|4.21;4321|5;4273|5.81;4204|6.62;4349|7.54;4736|8.64;4969|9.74;5340|10.86;6673|12.16;7813|13.58;7815|15.02;7423|16.46;7349|18.2;6837|19.99;6387|21.79;5839|23.71;4676|25.87;3403|28.04;2827|30.27;3344|32.83;3979|35.43;4551|38.06;5214|40.93;5732|43.91;6903|46.9;8192|49.99;9045|53.23;8586|56.42;7756|59.6;6768|62.95;5765|66.32;5215|69.71;4296|73.19;2982|76.69;1979|80.23;1792|83.87;1794|87.56;3471|91.26;5597|94.88;6997|98.41;7606|101.89;8034|105.24;8370|108.4;8456|111.5;8545|114.52;8612|117.18;8699|119.79;8780|122.35;8858|124.63;8712|126.7;8517|128.74;8531|130.73;8410|132.33;8437|133.85;8571|135.35;8588|136.86;8587|137.89;8876|138.89;9167|139.91;9315|140.89;9423|141.53;9407|142.09;9341|142.63;9273|143.17;9203|143.5;9084|143.64;8750|143.78;8606|143.92;8497|144.03;8667|143.78;8765|143.55;8924|143.31;9106|143.07;9432|142.61;9662|142.02;9811|141.44;9993|140.86;10164|140.22;10361|139.34;10456|138.46;10233|137.58;10100|136.77;10002|135.63;9943|134.49;9896|133.35;9889|132.21;9948|131.03;10060|129.67;10165|128.32;10206|126.97;10251|125.68;10304|124.15;10289|122.62;10289|121.09;10328|119.57;10336|118.02;10297|116.36;10253|114.69;10229|113.03;10210|111.37;10284|109.65;10422|107.89;10364|106.13;10354|104.37;10497|102.61;10605|100.79;10622|98.96;10617|97.13;10586|95.31;10517|93.46;10588|91.6;10580|89.72;10348|87.85;10193|85.99;10213|84.12;10319|82.24;10406|80.37;10449|78.5;10428|76.62;10515|74.78;10687|72.94;10882|71.08;10863|69.23;10709|67.4;10574|65.58;10533|63.77;10583|61.96;10483|60.13;10411|58.37;10189|56.61;10119|54.86;10305|53.1;10488|51.38;10534|49.71;10563|48.04;10656|46.37;10605|44.68;10746|43.1;10784|41.53;10681|39.95;10601|38.37;10605|36.81;10590|35.34;10550|33.87;10588|32.4;10487|30.89;10492|29.55;10485|28.2;10638|26.86;10683|25.51;10811|24.19;10918|22.98;10970|21.77;11020|20.55;11004|19.34;11057|18.2;10929|17.14;10896|16.06;10687|14.99;10644|13.94;10792|13.01;10959|12.09;11008|11.18;11036|10.26;11205|9.43;11241|8.66;11475|7.9;11615|7.14;11387|6.38;11079|5.77;10852|5.16;10661|4.55;10455|3.95;10285|3.42;10186|2.98;10006|2.54;10047|2.09;10090|1.65;9972|1.37;8657|1.1;7741|0.83;7864|0.56;8165|0.37;8175|0.27;8310|0.18;8358|0.09;8122|0.04;6574|,-4.752555;626.1256|-5.849762;1153.87|-6.430986;1648.449|-6.733073;2145.552|-6.98291;2674.577|-7.176507;3214.768|-7.027397;3689.79|-6.130659;4007.6|-4.23194;4118.926|-1.412059;4053.113|1.944975;3905.087|5.382101;3781.071|8.64108;3739.28|11.79224;3764.855|15.13947;3793.965|18.97513;3767.786|23.36063;3677.349|28.08401;3568.496|32.81575;3505.825|37.34293;3523.882|41.71028;3601.894|46.1691;3679.961|50.97655;3703.7|56.19532;3663.74|61.63969;3600.89|67.00468;3573.705|72.07987;3613.084|76.88941;3697.984|81.65533;3770.386|86.61274;3778.362|91.81406;3715.09|97.06716;3624.623|102.0525;3569.863|106.533;3586.322|110.5005;3655.837|114.1537;3719.616|117.7224;3720.545|121.2736;3642.801|124.6417;3518.968|127.5361;3399.892|129.7401;3311.738|131.2467;3235.616|132.218;3128.449|132.7934;2970.79|132.8934;2802.798|132.1823;2713.425|130.2464;2780.052|126.8801;2994.784|122.2793;3230.858|116.982;3282.925|111.5647;2968.517|106.2772;2234.867|100.8601;1205.32|94.68465;132.1241|87.15028;-721.7798|78.10109;-1205.677|68.00054;-1339.297|57.75248;-1276.736|48.27781;-1203.654|40.10691;-1233.239|33.22797;-1361.696|27.2585;-1501.743|21.79884;-1561.846|16.72109;-1513.248|12.21099;-1401.337|8.561538;-1300.048|5.888599;-1247.579|3.982019;-1211.831|2.398758;-1109.523|0.7264994;-863.12|-1.173364;-453.2566|-3.11406;70.50787|,140.0699,76.53907
