Asset,Time,WaveCal,Wave_E,Wave_N,Surge,Sway,Heave,Roll,Pitch,Yaw
Tendon 2,1271.172,-0.7928,0.509,-1.184,14.5476,14.6982,-0.4458,-0.0067,-0.007,0.2028
Tendon 2,1271.236,-0.8506,0.5815,-1.2361,14.5383,14.6891,-0.4466,-0.0058,-0.0072,0.2031
Tendon 2,1271.299,-0.9019,0.6863,-1.3202,14.529,14.6781,-0.4475,-0.0045,-0.0073,0.2035
Tendon 2,1271.362,-0.9534,0.7158,-1.3865,14.5188,14.6689,-0.4479,-0.0029,-0.0073,0.2041
Tendon 2,1271.425,-1.0019,0.7095,-1.4621,14.5095,14.6579,-0.4483,-0.0011,-0.0073,0.2047
Tendon 2,1271.489,-1.0473,0.8705,-1.4782,14.5002,14.6488,-0.4483,0.0009,-0.0073,0.2056
Tendon 2,1271.552,-1.0927,0.8439,-1.5654,14.4891,14.6387,-0.4479,0.003,-0.0075,0.2065
Tendon 2,1271.615,-1.1334,0.9163,-1.5562,14.4789,14.6286,-0.4475,0.0052,-0.008,0.2076
Tendon 2,1271.678,-1.1741,0.9835,-1.6419,14.4687,14.6185,-0.4466,0.0073,-0.0088,0.2087
Tendon 2,1271.742,-1.2128,1.0165,-1.6668,14.4585,14.6084,-0.4458,0.0093,-0.01,0.2099
Tendon 2,1271.805,-1.2494,1.0397,-1.7088,14.4482,14.5993,-0.4446,0.0113,-0.0117,0.2112
Tendon 2,1271.868,-1.2858,1.1639,-1.7398,14.4371,14.5892,-0.4433,0.0131,-0.0138,0.2127
Tendon 2,1271.931,-1.3185,1.1545,-1.792,14.4269,14.5791,-0.4421,0.0146,-0.0165,0.214
Tendon 2,1271.995,-1.3515,1.3435,-1.7774,14.4167,14.57,-0.4404,0.0159,-0.0195,0.2154
Tendon 2,1272.058,-1.382,1.4294,-1.8574,14.4065,14.5608,-0.4384,0.017,-0.0229,0.2169
Tendon 2,1272.121,-1.4106,1.5192,-1.8318,14.3962,14.5498,-0.4367,0.0177,-0.0265,0.2182
Tendon 2,1272.184,-1.4392,1.6058,-1.8823,14.386,14.5406,-0.4342,0.0181,-0.0301,0.2196
Tendon 2,1272.248,-1.4629,1.6908,-1.876,14.3758,14.5306,-0.4322,0.0182,-0.0336,0.2209
Tendon 2,1272.311,-1.4864,1.6237,-1.8886,14.3665,14.5214,-0.4297,0.0178,-0.0367,0.2221
Tendon 2,1272.374,-1.5065,1.811,-1.8754,14.3563,14.5122,-0.4272,0.0171,-0.0394,0.2232
Tendon 2,1272.437,-1.5238,1.7815,-1.8643,14.347,14.5022,-0.4243,0.016,-0.0414,0.2242
Tendon 2,1272.501,-1.541,1.7837,-1.7935,14.3368,14.493,-0.4214,0.0145,-0.0427,0.2251
Tendon 2,1272.564,-1.5506,1.8493,-1.792,14.3275,14.4838,-0.4185,0.0126,-0.0431,0.2259
Tendon 2,1272.627,-1.5599,1.8791,-1.7095,14.3182,14.4738,-0.4152,0.0104,-0.0427,0.2265
Tendon 2,1272.69,-1.565,1.7596,-1.6504,14.3099,14.4646,-0.4123,0.0078,-0.0413,0.227
Tendon 2,1272.753,-1.5653,1.8945,-1.5998,14.2997,14.4545,-0.409,0.005,-0.0392,0.2274
Tendon 2,1272.817,-1.5655,1.7712,-1.5414,14.2913,14.4463,-0.4056,0.0019,-0.0362,0.2276
Tendon 2,1272.88,-1.5557,1.7564,-1.4292,14.283,14.4371,-0.4028,-0.0013,-0.0327,0.2277
Tendon 2,1272.943,-1.5459,1.7207,-1.3755,14.2737,14.427,-0.3999,-0.0045,-0.0288,0.2276
Tendon 2,1273.006,-1.531,1.6416,-1.2346,14.2662,14.4188,-0.3974,-0.0077,-0.0245,0.2274
Tendon 2,1273.07,-1.5104,1.5722,-1.1903,14.2579,14.4096,-0.3949,-0.0108,-0.0202,0.2271
Tendon 2,1273.133,-1.4897,1.5879,-1.0829,14.2495,14.4005,-0.3928,-0.0137,-0.0159,0.2266
Tendon 2,1273.196,-1.4588,1.4279,-0.9995,14.2421,14.3913,-0.3908,-0.0163,-0.0119,0.226
Tendon 2,1273.259,-1.4276,1.4636,-0.9296,14.2337,14.3831,-0.3895,-0.0185,-0.0082,0.2253
Tendon 2,1273.323,-1.3912,1.3629,-0.8696,14.2263,14.3739,-0.3883,-0.0204,-0.0051,0.2244
Tendon 2,1273.386,-1.35,1.313,-0.7527,14.2198,14.3657,-0.3874,-0.0217,-0.0025,0.2235
Tendon 2,1273.449,-1.3085,1.2757,-0.7552,14.2124,14.3574,-0.3874,-0.0226,-0.0005,0.2225
Tendon 2,1273.512,-1.2577,1.2233,-0.625,14.2059,14.3483,-0.3874,-0.023,0.0009,0.2213
Tendon 2,1273.576,-1.2071,1.0874,-0.5722,14.1994,14.34,-0.3874,-0.023,0.0017,0.22
Tendon 2,1273.639,-1.152,1.1388,-0.5144,14.192,14.3327,-0.3883,-0.0225,0.002,0.2188
Tendon 2,1273.702,-1.0927,0.9772,-0.4405,14.1864,14.3244,-0.3891,-0.0215,0.0018,0.2173
Tendon 2,1273.765,-1.0334,0.8963,-0.3473,14.1799,14.3171,-0.3903,-0.0203,0.0012,0.216
Tendon 2,1273.829,-0.9663,0.8595,-0.3286,14.1734,14.3098,-0.3916,-0.0187,0.0003,0.2145
Tendon 2,1273.892,-0.8988,0.7284,-0.1574,14.1678,14.3024,-0.3932,-0.0169,-0.0008,0.213
Tendon 2,1273.955,-0.8279,0.5824,-0.1861,14.1623,14.296,-0.3949,-0.015,-0.0021,0.2115
Tendon 2,1274.018,-0.7529,0.6129,-0.0818,14.1567,14.2905,-0.3969,-0.013,-0.0036,0.2102
Tendon 2,1274.082,-0.6781,0.3857,-0.0095,14.1511,14.285,-0.3986,-0.0109,-0.0051,0.2088
Tendon 2,1274.145,-0.5956,0.3785,0.0569,14.1474,14.2795,-0.4007,-0.0089,-0.0067,0.2075
Tendon 2,1274.208,-0.5126,0.2693,0.1106,14.1418,14.274,-0.4028,-0.0071,-0.0084,0.2063
Tendon 2,1274.271,-0.4254,0.1334,0.2313,14.1372,14.2695,-0.4048,-0.0053,-0.0102,0.2052
Tendon 2,1274.335,-0.3344,0.0725,0.2692,14.1335,14.2658,-0.4069,-0.0037,-0.0122,0.2041
Tendon 2,1274.398,-0.2431,0.0038,0.3985,14.1298,14.2621,-0.4094,-0.0023,-0.0144,0.2032
Tendon 2,1274.461,-0.1428,-0.1757,0.4484,14.127,14.2594,-0.4115,-0.0011,-0.0168,0.2025
Tendon 2,1274.524,-0.0423,-0.1506,0.5378,14.1251,14.2566,-0.4135,-0.0001,-0.0194,0.2018
Tendon 2,1274.588,0.0634,-0.2934,0.6048,14.1223,14.2539,-0.4156,0.0007,-0.0223,0.2012
Tendon 2,1274.651,0.1735,-0.3967,0.7053,14.1214,14.2511,-0.4172,0.0012,-0.0254,0.2007
Tendon 2,1274.714,0.2839,-0.4287,0.7435,14.1214,14.2493,-0.4189,0.0015,-0.0287,0.2003
Tendon 2,1274.777,0.404,-0.4965,0.8936,14.1214,14.2484,-0.4206,0.0016,-0.0321,0.1999
Tendon 2,1274.841,0.5244,-0.6455,0.9675,14.1214,14.2484,-0.4218,0.0015,-0.0357,0.1996
Tendon 2,1274.904,0.6495,-0.5934,1.1748,14.1242,14.2484,-0.423,0.0012,-0.0392,0.1993
Tendon 2,1274.967,0.7789,-0.7456,1.3047,14.126,14.2493,-0.4239,0.0007,-0.0426,0.1991
Tendon 2,1275.03,0.9081,-0.8002,1.4042,14.1288,14.2502,-0.4247,0.0002,-0.0458,0.1989
Tendon 2,1275.094,1.0445,-0.8244,1.4946,14.1325,14.2521,-0.4251,-0.0006,-0.0486,0.1986
Tendon 2,1275.157,1.1811,-0.9016,1.6264,14.1381,14.2557,-0.4251,-0.0013,-0.051,0.1985
Tendon 2,1275.22,1.3196,-0.997,1.7136,14.1437,14.2585,-0.4251,-0.002,-0.0528,0.1983
Tendon 2,1275.283,1.4598,-0.9484,1.8849,14.1493,14.263,-0.4247,-0.0027,-0.054,0.1982
Tendon 2,1275.347,1.6001,-1.0563,1.9531,14.1558,14.2676,-0.4243,-0.0032,-0.0544,0.198
Tendon 2,1275.41,1.7396,-1.1031,2.0864,14.1641,14.2731,-0.4235,-0.0036,-0.0541,0.198
Tendon 2,1275.473,1.8796,-1.1068,2.1519,14.1725,14.2805,-0.4226,-0.0037,-0.053,0.198
Tendon 2,1275.536,2.0157,-1.1461,2.2561,14.1808,14.2869,-0.4218,-0.0035,-0.0512,0.1982
Tendon 2,1275.6,2.149,-1.2164,2.3509,14.191,14.2951,-0.4214,-0.003,-0.0486,0.1984
Tendon 2,1275.663,2.2823,-1.1724,2.4483,14.2013,14.3034,-0.4206,-0.0021,-0.0453,0.1986
Tendon 2,1275.726,2.4035,-1.259,2.5089,14.2124,14.3144,-0.4197,-0.0008,-0.0415,0.1991
Tendon 2,1275.789,2.5252,-1.3092,2.611,14.2235,14.3244,-0.4193,0.001,-0.0373,0.1995
Tendon 2,1275.853,2.6373,-1.2772,2.6454,14.2365,14.3363,-0.4189,0.003,-0.0327,0.2
Tendon 2,1275.916,2.7405,-1.2958,2.7222,14.2486,14.3473,-0.4185,0.0053,-0.0279,0.2005
Tendon 2,1275.979,2.8436,-1.3676,2.78,14.2625,14.3611,-0.4185,0.0078,-0.0231,0.201
Tendon 2,1276.042,2.9238,-1.2851,2.8338,14.2765,14.3739,-0.4185,0.0104,-0.0184,0.2016
Tendon 2,1276.105,3.0037,-1.3419,2.8717,14.2913,14.3886,-0.4185,0.0131,-0.0139,0.202
Tendon 2,1276.169,3.0705,-1.3183,2.9504,14.3071,14.4023,-0.4185,0.0157,-0.0099,0.2024
Tendon 2,1276.232,3.1233,-1.2531,2.9342,14.322,14.4179,-0.4189,0.018,-0.0064,0.2026
Tendon 2,1276.295,3.1764,-1.2763,2.962,14.3387,14.4344,-0.4193,0.0201,-0.0035,0.2028
Tendon 2,1276.358,3.1999,-1.2484,2.9418,14.3554,14.4509,-0.4197,0.0219,-0.0014,0.2028
Tendon 2,1276.422,3.2234,-1.1398,2.8935,14.374,14.4683,-0.4206,0.0232,0,0.2025
Tendon 2,1276.485,3.2319,-1.1891,2.8625,14.3925,14.4857,-0.4214,0.024,0.0006,0.2021
Tendon 2,1276.548,3.2254,-1.1053,2.8268,14.4111,14.504,-0.4222,0.0243,0.0003,0.2014
Tendon 2,1276.611,3.2187,-1.0265,2.7567,14.4297,14.5232,-0.4235,0.0243,-0.0009,0.2007
Tendon 2,1276.675,3.1831,-1.0249,2.7371,14.4501,14.5425,-0.4247,0.0238,-0.0028,0.1996
Tendon 2,1276.738,3.1478,-0.9656,2.6483,14.4705,14.5626,-0.4263,0.023,-0.0055,0.1984
Tendon 2,1276.801,3.0993,-0.858,2.6211,14.4919,14.5828,-0.4284,0.022,-0.0087,0.197
Tendon 2,1276.864,3.0375,-0.8837,2.5509,14.5132,14.6039,-0.4309,0.0209,-0.0124,0.1955
Tendon 2,1276.928,2.9758,-0.7394,2.4811,14.5355,14.6259,-0.4334,0.0198,-0.0165,0.194
Tendon 2,1276.991,2.8915,-0.7199,2.3977,14.5578,14.6488,-0.4367,0.0187,-0.0208,0.1924
Tendon 2,1277.054,2.8077,-0.6543,2.3579,14.581,14.6717,-0.44,0.0179,-0.0251,0.1907
Tendon 2,1277.117,2.7147,-0.5395,2.2274,14.6042,14.6946,-0.4437,0.0173,-0.0294,0.189
Tendon 2,1277.181,2.6126,-0.4848,2.1759,14.6284,14.7184,-0.4479,0.017,-0.0333,0.1875
Tendon 2,1277.244,2.5107,-0.4823,2.0419,14.6525,14.7431,-0.4524,0.017,-0.0369,0.186
Tendon 2,1277.307,2.3957,-0.2702,1.985,14.6767,14.7669,-0.457,0.0172,-0.0399,0.1845
Tendon 2,1277.37,2.2805,-0.3223,1.8551,14.7008,14.7917,-0.4615,0.0176,-0.0423,0.1832
Tendon 2,1277.434,2.1609,-0.2388,1.7897,14.7259,14.8164,-0.4665,0.0181,-0.044,0.1821
Tendon 2,1277.497,2.0368,-0.1092,1.6381,14.751,14.8412,-0.4711,0.0185,-0.0449,0.1811
Tendon 2,1277.56,1.9126,-0.0998,1.5834,14.776,14.865,-0.4752,0.0187,-0.045,0.1802
Tendon 2,1277.623,1.7837,-0.0656,1.4355,14.8011,14.8897,-0.4793,0.0187,-0.0443,0.1795
Tendon 2,1277.687,1.6545,0.0992,1.3562,14.8262,14.9144,-0.4831,0.0183,-0.0429,0.1789
Tendon 2,1277.75,1.5243,0.0656,1.226,14.8512,14.9392,-0.4859,0.0174,-0.0408,0.1784
Tendon 2,1277.813,1.393,0.1952,1.118,14.8763,14.963,-0.4889,0.016,-0.0381,0.178
Tendon 2,1277.876,1.2618,0.2498,0.9808,14.9014,14.9868,-0.4909,0.0141,-0.0349,0.1777
Tendon 2,1277.94,1.1311,0.2677,0.892,14.9274,15.0106,-0.4922,0.0116,-0.0313,0.1774
Tendon 2,1278.003,1.0004,0.3295,0.7334,14.9515,15.0336,-0.493,0.0085,-0.0275,0.1773
Tendon 2,1278.066,0.8709,0.4208,0.6538,14.9766,15.0565,-0.4934,0.0053,-0.0235,0.1771
Tendon 2,1278.129,0.7423,0.3942,0.4983,15.0017,15.0794,-0.4934,0.0018,-0.0196,0.177
Tendon 2,1278.193,0.6141,0.52,0.4212,15.0249,15.1013,-0.493,-0.0018,-0.0157,0.1768
Tendon 2,1278.256,0.4891,0.5379,0.2825,15.0499,15.1233,-0.4922,-0.0051,-0.0121,0.1766
Tendon 2,1278.319,0.3646,0.5652,0.1861,15.0732,15.1444,-0.4913,-0.0081,-0.0088,0.1764
Tendon 2,1278.382,0.2421,0.6167,0.0559,15.0964,15.1664,-0.4901,-0.0106,-0.0058,0.1762
Tendon 2,1278.446,0.1222,0.6314,-0.0499,15.1196,15.1875,-0.4889,-0.0124,-0.0032,0.1759
Tendon 2,1278.509,0.0028,0.5784,-0.2111,15.1428,15.2076,-0.4876,-0.0133,-0.0011,0.1755
Tendon 2,1278.572,-0.1104,0.68,-0.2708,15.1651,15.2287,-0.4864,-0.0134,0.0006,0.1752
Tendon 2,1278.635,-0.2235,0.6198,-0.4218,15.1864,15.247,-0.4855,-0.0125,0.0017,0.1749
Tendon 2,1278.699,-0.3329,0.648,-0.51,15.2078,15.2672,-0.4847,-0.0107,0.0024,0.1746
Tendon 2,1278.762,-0.4383,0.6753,-0.6531,15.2292,15.2864,-0.4839,-0.0081,0.0027,0.1743
Tendon 2,1278.825,-0.5438,0.6392,-0.7419,15.2487,15.3057,-0.4835,-0.0048,0.0025,0.1741
Tendon 2,1278.888,-0.6399,0.5705,-0.8743,15.2691,15.3231,-0.4835,-0.001,0.0018,0.174
Tendon 2,1278.952,-0.7358,0.6361,-0.9382,15.2886,15.3405,-0.4835,0.0032,0.0009,0.174
Tendon 2,1279.015,-0.8263,0.531,-1.0984,15.3062,15.3579,-0.4835,0.0075,-0.0005,0.174
Tendon 2,1279.078,-0.9112,0.5012,-1.1037,15.3239,15.3735,-0.4839,0.0117,-0.0022,0.1742
Tendon 2,1279.141,-0.9965,0.5059,-1.1982,15.3415,15.3899,-0.4847,0.0157,-0.0041,0.1746
Tendon 2,1279.205,-1.0695,0.4441,-1.2456,15.3582,15.4046,-0.4855,0.0192,-0.0063,0.175
Tendon 2,1279.268,-1.1424,0.3951,-1.2854,15.374,15.4183,-0.4864,0.022,-0.0086,0.1757
Tendon 2,1279.331,-1.2092,0.4014,-1.3606,15.3889,15.4321,-0.4876,0.0242,-0.0111,0.1765
Tendon 2,1279.394,-1.2693,0.2966,-1.3632,15.4037,15.444,-0.4889,0.0255,-0.0137,0.1774
Tendon 2,1279.458,-1.3296,0.3138,-1.4232,15.4167,15.4568,-0.4905,0.0261,-0.0162,0.1785
Tendon 2,1279.521,-1.3771,0.2903,-1.4987,15.4297,15.4669,-0.4926,0.0259,-0.0187,0.1796
Tendon 2,1279.584,-1.4245,0.2693,-1.5117,15.4418,15.477,-0.4942,0.025,-0.021,0.1809
Tendon 2,1279.647,-1.466,0.246,-1.4924,15.4529,15.4871,-0.4967,0.0234,-0.023,0.1822
Tendon 2,1279.71,-1.5013,0.2404,-1.5866,15.4641,15.4953,-0.4988,0.0214,-0.0247,0.1835
Tendon 2,1279.774,-1.5369,0.1506,-1.6137,15.4743,15.5026,-0.5017,0.019,-0.026,0.1848
Tendon 2,1279.837,-1.5619,0.1757,-1.6099,15.4827,15.5109,-0.5042,0.0164,-0.0268,0.1862
Tendon 2,1279.9,-1.5867,0.1516,-1.6403,15.491,15.5173,-0.5071,0.0136,-0.0271,0.1874
Tendon 2,1279.963,-1.6076,0.0992,-1.567,15.4975,15.5228,-0.5104,0.0108,-0.0267,0.1886
Tendon 2,1280.027,-1.6243,0.1086,-1.5594,15.504,15.5274,-0.5133,0.008,-0.0257,0.1897
Tendon 2,1280.09,-1.6408,0.1312,-1.5414,15.5105,15.532,-0.5162,0.0055,-0.0239,0.1909
Tendon 2,1280.153,-1.6519,0.0016,-1.536,15.5151,15.5356,-0.5195,0.003,-0.0215,0.1919
Tendon 2,1280.216,-1.663,0.0483,-1.5158,15.5189,15.5384,-0.5224,0.0007,-0.0185,0.193
Tendon 2,1280.28,-1.6723,0.0477,-1.5196,15.5216,15.5402,-0.5253,-0.0014,-0.0148,0.194
Tendon 2,1280.343,-1.6805,-0.0351,-1.4463,15.5235,15.5411,-0.5278,-0.0034,-0.0107,0.1949
Tendon 2,1280.406,-1.6883,0.0157,-1.4769,15.5254,15.542,-0.5299,-0.0054,-0.006,0.1959
Tendon 2,1280.469,-1.6957,0.0141,-1.3935,15.5254,15.5411,-0.5319,-0.0072,-0.001,0.197
Tendon 2,1280.533,-1.703,-0.0876,-1.3888,15.5254,15.5402,-0.5335,-0.0091,0.0042,0.1982
Tendon 2,1280.596,-1.7107,0.0047,-1.3584,15.5235,15.5374,-0.5344,-0.0109,0.0096,0.1994
Tendon 2,1280.659,-1.7192,-0.0587,-1.3249,15.5216,15.5347,-0.5352,-0.0127,0.0149,0.2006
Tendon 2,1280.722,-1.7277,-0.0662,-1.2478,15.5189,15.531,-0.5356,-0.0145,0.0201,0.2019
Tendon 2,1280.786,-1.738,-0.0226,-1.268,15.5142,15.5255,-0.5352,-0.0163,0.0251,0.2034
Tendon 2,1280.849,-1.7483,-0.0126,-1.1647,15.5096,15.52,-0.5348,-0.018,0.0298,0.2048
Tendon 2,1280.912,-1.7599,-0.0646,-1.178,15.504,15.5136,-0.5335,-0.0196,0.0341,0.2063
Tendon 2,1280.975,-1.7723,0.0609,-1.1265,15.4966,15.5072,-0.5319,-0.0211,0.0379,0.2078
Tendon 2,1281.039,-1.7847,0.0163,-1.1249,15.4892,15.4981,-0.5302,-0.0223,0.0411,0.2093
Tendon 2,1281.102,-1.7981,0.0273,-1.0813,15.4817,15.4898,-0.5278,-0.0233,0.0437,0.2106
Tendon 2,1281.165,-1.8115,0.1149,-1.0743,15.4724,15.4806,-0.5253,-0.024,0.0458,0.2118
Tendon 2,1281.228,-1.8244,0.1255,-1.0206,15.4632,15.4697,-0.5224,-0.0245,0.0471,0.2129
Tendon 2,1281.292,-1.8373,0.1014,-1.0658,15.452,15.4587,-0.5191,-0.0247,0.0479,0.2139
Tendon 2,1281.355,-1.8504,0.2507,-1.0159,15.4409,15.4467,-0.5153,-0.0247,0.048,0.2145
Tendon 2,1281.418,-1.8607,0.199,-1.0649,15.4279,15.4348,-0.5116,-0.0246,0.0475,0.2151
Tendon 2,1281.481,-1.8711,0.2724,-1.0488,15.4149,15.4211,-0.5079,-0.0243,0.0464,0.2154
Tendon 2,1281.545,-1.879,0.3311,-1.0766,15.4019,15.4083,-0.5038,-0.024,0.0448,0.2156
Tendon 2,1281.608,-1.8847,0.3552,-1.1202,15.387,15.3936,-0.4996,-0.0239,0.0426,0.2156
Tendon 2,1281.671,-1.8907,0.4246,-1.1255,15.3722,15.3789,-0.4951,-0.0238,0.04,0.2154
Tendon 2,1281.734,-1.8899,0.6113,-1.1053,15.3564,15.3634,-0.4909,-0.024,0.0369,0.2152
Tendon 2,1281.798,-1.8894,0.6214,-1.1676,15.3406,15.3469,-0.4868,-0.0244,0.0335,0.2149
Tendon 2,1281.861,-1.885,0.7839,-1.1461,15.3239,15.3313,-0.4831,-0.025,0.0298,0.2146
Tendon 2,1281.924,-1.877,0.7745,-1.2112,15.3072,15.3148,-0.4789,-0.026,0.0259,0.2143
Tendon 2,1281.987,-1.869,0.8172,-1.1941,15.2886,15.2974,-0.4756,-0.0272,0.0218,0.2141
Tendon 2,1282.051,-1.8528,0.9462,-1.227,15.27,15.2809,-0.4723,-0.0285,0.0177,0.2139
Tendon 2,1282.114,-1.8368,0.9961,-1.2159,15.2514,15.2626,-0.469,-0.03,0.0136,0.2139
Tendon 2,1282.177,-1.8169,1.0086,-1.2674,15.2329,15.2452,-0.4665,-0.0315,0.0096,0.2139
Tendon 2,1282.24,-1.7934,1.1771,-1.202,15.2134,15.2278,-0.4644,-0.0329,0.0059,0.2141
Tendon 2,1282.304,-1.7697,1.1194,-1.3031,15.1939,15.2095,-0.4628,-0.034,0.0024,0.2142
Tendon 2,1282.367,-1.7398,1.2201,-1.2696,15.1734,15.1911,-0.4615,-0.035,-0.0007,0.2145
Tendon 2,1282.43,-1.7099,1.3061,-1.3328,15.153,15.1737,-0.4603,-0.0355,-0.0033,0.2148
Tendon 2,1282.493,-1.6774,1.3824,-1.3057,15.1326,15.1554,-0.4599,-0.0356,-0.0054,0.2149
Tendon 2,1282.557,-1.6426,1.452,-1.3537,15.1122,15.1371,-0.4599,-0.0353,-0.007,0.2151
Tendon 2,1282.62,-1.6078,1.7081,-1.3142,15.0917,15.1178,-0.4603,-0.0345,-0.0079,0.2151
Tendon 2,1282.683,-1.5702,1.7643,-1.3951,15.0704,15.1004,-0.4607,-0.0332,-0.0082,0.215
Tendon 2,1282.746,-1.5325,1.9491,-1.3398,15.0499,15.0821,-0.4611,-0.0317,-0.008,0.2147
Tendon 2,1282.81,-1.4941,1.9626,-1.4245,15.0286,15.0638,-0.4619,-0.0298,-0.0071,0.2142
Tendon 2,1282.873,-1.4554,2.0445,-1.3897,15.0091,15.0464,-0.4628,-0.0277,-0.0058,0.2136
Tendon 2,1282.936,-1.4165,2.0859,-1.4652,14.9877,15.0271,-0.4636,-0.0256,-0.0039,0.2127
Tendon 2,1282.999,-1.3773,2.1484,-1.4222,14.9673,15.0088,-0.4644,-0.0235,-0.0016,0.2117
Tendon 2,1283.063,-1.3384,2.0819,-1.4829,14.9469,14.9905,-0.4649,-0.0216,0.001,0.2106
Tendon 2,1283.126,-1.3,2.2341,-1.4232,14.9274,14.9731,-0.4652,-0.0199,0.0039,0.2094
Tendon 2,1283.189,-1.2618,2.1148,-1.5259,14.9069,14.9538,-0.4652,-0.0185,0.0069,0.2082
Tendon 2,1283.252,-1.2234,2.2099,-1.452,14.8865,14.9355,-0.4649,-0.0174,0.01,0.2071
Tendon 2,1283.315,-1.186,2.1365,-1.5524,14.8679,14.9172,-0.4644,-0.0167,0.0131,0.2059
Tendon 2,1283.379,-1.1484,2.1405,-1.4798,14.8475,14.8989,-0.4636,-0.0163,0.0161,0.205
Tendon 2,1283.442,-1.1107,2.0991,-1.5584,14.828,14.8806,-0.4624,-0.0162,0.0189,0.2043
Tendon 2,1283.505,-1.0728,2.1305,-1.427,14.8085,14.8613,-0.4607,-0.0163,0.0214,0.2038
Tendon 2,1283.568,-1.0349,1.9874,-1.4861,14.789,14.8439,-0.4586,-0.0165,0.0236,0.2035
Tendon 2,1283.632,-0.9957,2.0671,-1.3739,14.7695,14.8256,-0.4562,-0.0167,0.0254,0.2034
Tendon 2,1283.695,-0.9563,1.8336,-1.4478,14.751,14.8073,-0.4537,-0.0169,0.0267,0.2036
Tendon 2,1283.758,-0.9153,1.8274,-1.3173,14.7315,14.7898,-0.4508,-0.0169,0.0276,0.204
Tendon 2,1283.821,-0.8725,1.6096,-1.3701,14.7129,14.7715,-0.4475,-0.0167,0.028,0.2046
Tendon 2,1283.885,-0.8299,1.4982,-1.244,14.6943,14.7541,-0.4437,-0.0161,0.0278,0.2053
Tendon 2,1283.948,-0.7825,1.3566,-1.1872,14.6757,14.7367,-0.44,-0.0153,0.027,0.2061
Tendon 2,1284.011,-0.7351,1.2374,-0.984,14.6581,14.7202,-0.4359,-0.0141,0.0256,0.2069
Tendon 2,1284.074,-0.6843,1.0359,-0.9499,14.6414,14.7028,-0.4317,-0.0126,0.0236,0.2078
Tendon 2,1284.138,-0.6306,1.0001,-0.8238,14.6237,14.6854,-0.4276,-0.0108,0.0211,0.2085
Tendon 2,1284.201,-0.5765,0.7626,-0.7691,14.608,14.6698,-0.423,-0.0088,0.0179,0.2091
Tendon 2,1284.264,-0.5154,0.6603,-0.6468,14.5922,14.6543,-0.4185,-0.0067,0.0142,0.2096
Tendon 2,1284.327,-0.4543,0.4996,-0.5887,14.5773,14.6387,-0.4139,-0.0045,0.01,0.2099
Tendon 2,1284.391,-0.3893,0.3286,-0.4958,14.5634,14.6231,-0.4094,-0.0023,0.0053,0.21
Tendon 2,1284.454,-0.3213,0.1895,-0.4304,14.5495,14.6084,-0.4048,-0.0002,0.0002,0.2099
Tendon 2,1284.517,-0.2529,0.0803,-0.2825,14.5374,14.5947,-0.4003,0.0018,-0.0052,0.2097
Tendon 2,1284.58,-0.1779,-0.1591,-0.1978,14.5253,14.58,-0.3961,0.0036,-0.0107,0.2094
Tendon 2,1284.644,-0.1029,-0.1911,-0.0809,14.5142,14.5681,-0.3924,0.0052,-0.0164,0.2091
Tendon 2,1284.707,-0.0255,-0.4183,0.0032,14.504,14.5544,-0.3887,0.0065,-0.0219,0.2087
Tendon 2,1284.77,0.0547,-0.5526,0.1299,14.4937,14.5434,-0.3854,0.0077,-0.0273,0.2084
Tendon 2,1284.833,0.1346,-0.6644,0.2553,14.4845,14.5315,-0.3829,0.0087,-0.0324,0.2083
Tendon 2,1284.897,0.2176,-0.8664,0.3432,14.4761,14.5214,-0.3804,0.0096,-0.037,0.2082
Tendon 2,1284.96,0.3009,-1.0108,0.443,14.4687,14.5113,-0.3788,0.0105,-0.0411,0.2084
Tendon 2,1285.023,0.3842,-1.0296,0.632,14.4612,14.5022,-0.3775,0.0114,-0.0444,0.2087
Tendon 2,1285.086,0.4682,-1.2427,0.7021,14.4557,14.4939,-0.3767,0.0124,-0.0469,0.2094
Tendon 2,1285.15,0.552,-1.2873,0.8664,14.4492,14.4857,-0.3767,0.0135,-0.0486,0.2103
Tendon 2,1285.213,0.6343,-1.3014,1.0121,14.4445,14.4783,-0.3767,0.0148,-0.0493,0.2115
Tendon 2,1285.276,0.7162,-1.495,1.0946,14.439,14.4719,-0.3775,0.0163,-0.0491,0.213
Tendon 2,1285.339,0.7967,-1.5456,1.1988,14.4352,14.4655,-0.3792,0.0181,-0.0479,0.2146
Tendon 2,1285.403,0.8756,-1.6262,1.3398,14.4325,14.4609,-0.3808,0.0201,-0.0459,0.2164
Tendon 2,1285.466,0.9545,-1.7455,1.4216,14.4297,14.4545,-0.3829,0.0222,-0.043,0.2184
Tendon 2,1285.529,1.0287,-1.7266,1.596,14.4278,14.4509,-0.3854,0.0245,-0.0395,0.2203
Tendon 2,1285.592,1.1027,-1.8493,1.6785,14.426,14.4472,-0.3879,0.027,-0.0353,0.2224
Tendon 2,1285.656,1.1741,-1.8986,1.8163,14.426,14.4435,-0.3908,0.0294,-0.0308,0.2243
Tendon 2,1285.719,1.2432,-1.9202,1.8972,14.426,14.4408,-0.3936,0.0319,-0.0259,0.2262
Tendon 2,1285.782,1.3118,-1.9868,2.0195,14.4278,14.439,-0.3969,0.0343,-0.021,0.2279
Tendon 2,1285.845,1.3758,-2.1092,2.0918,14.4297,14.4371,-0.4003,0.0367,-0.0162,0.2295
Tendon 2,1285.909,1.44,-2.0524,2.1977,14.4325,14.4362,-0.4036,0.0389,-0.0117,0.2308
Tendon 2,1285.972,1.5021,-2.1578,2.2637,14.4362,14.4362,-0.4069,0.0409,-0.0076,0.2321
Tendon 2,1286.035,1.5622,-2.1475,2.4062,14.4408,14.4362,-0.4106,0.0427,-0.0041,0.2331
Tendon 2,1286.098,1.6223,-2.1694,2.4264,14.4455,14.4371,-0.4139,0.0444,-0.0013,0.2339
Tendon 2,1286.162,1.68,-2.203,2.5582,14.451,14.438,-0.4172,0.0458,0.0007,0.2346
Tendon 2,1286.225,1.7378,-2.2303,2.622,14.4575,14.4408,-0.4206,0.0471,0.0017,0.2351
Tendon 2,1286.288,1.795,-2.2077,2.7317,14.465,14.4435,-0.4239,0.0482,0.0018,0.2356
Tendon 2,1286.351,1.8522,-2.2146,2.8063,14.4724,14.4472,-0.4272,0.0491,0.0009,0.236
Tendon 2,1286.415,1.9092,-2.0602,2.9545,14.4817,14.4509,-0.4301,0.0499,-0.0009,0.2363
Tendon 2,1286.478,1.967,-2.0681,2.9605,14.49,14.4564,-0.4334,0.0506,-0.0037,0.2365
Tendon 2,1286.541,2.0247,-1.9476,3.1156,14.5002,14.4628,-0.4363,0.0511,-0.0073,0.2367
Tendon 2,1286.604,2.083,-1.9234,3.1039,14.5114,14.4692,-0.4388,0.0515,-0.0117,0.2369
Tendon 2,1286.668,2.1423,-1.8744,3.2275,14.5225,14.4756,-0.4412,0.0517,-0.0166,0.2371
Tendon 2,1286.731,2.2013,-1.9102,3.2471,14.5337,14.4838,-0.4433,0.0517,-0.0221,0.2372
Tendon 2,1286.794,2.2614,-1.7611,3.3099,14.5467,14.4921,-0.4454,0.0515,-0.0279,0.2373
Tendon 2,1286.857,2.322,-1.801,3.3077,14.5597,14.5003,-0.447,0.051,-0.0338,0.2373
Tendon 2,1286.92,2.3818,-1.6689,3.4307,14.5745,14.5113,-0.4487,0.0502,-0.0398,0.2372
Tendon 2,1286.984,2.4419,-1.6431,3.3693,14.5894,14.5205,-0.4495,0.0491,-0.0457,0.237
Tendon 2,1287.047,2.502,-1.5286,3.4619,14.6042,14.5315,-0.4504,0.0476,-0.0512,0.2366
Tendon 2,1287.11,2.5592,-1.4925,3.4035,14.621,14.5434,-0.4508,0.0457,-0.0564,0.2361
Tendon 2,1287.173,2.6167,-1.314,3.4641,14.6377,14.5544,-0.4512,0.0433,-0.061,0.2355
Tendon 2,1287.237,2.6708,-1.3036,3.3444,14.6562,14.5672,-0.4516,0.0406,-0.0649,0.2347
Tendon 2,1287.3,2.7219,-1.0977,3.3934,14.6748,14.58,-0.4516,0.0376,-0.0681,0.2338
Tendon 2,1287.363,2.7729,-1.0657,3.2859,14.6934,14.5947,-0.4512,0.0342,-0.0704,0.2326
Tendon 2,1287.426,2.8137,-0.9377,3.3156,14.712,14.6084,-0.4512,0.0305,-0.0719,0.2314
Tendon 2,1287.49,2.8542,-0.7767,3.1678,14.7324,14.624,-0.4512,0.0267,-0.0725,0.2302
Tendon 2,1287.553,2.8874,-0.6559,3.1823,14.7528,14.6405,-0.4512,0.0228,-0.0722,0.2289
Tendon 2,1287.616,2.9129,-0.6361,3.0881,14.7742,14.657,-0.4512,0.019,-0.071,0.2275
Tendon 2,1287.679,2.9387,-0.4293,3.0338,14.7955,14.6744,-0.4516,0.0153,-0.0688,0.2263
Tendon 2,1287.743,2.9449,-0.4136,2.9178,14.8178,14.6918,-0.4524,0.0118,-0.0659,0.2251
Tendon 2,1287.806,2.9514,-0.2928,2.9023,14.8401,14.7101,-0.4532,0.0087,-0.0621,0.224
Tendon 2,1287.869,2.9462,-0.2382,2.7355,14.8624,14.7285,-0.4545,0.0061,-0.0576,0.2231
Tendon 2,1287.932,2.93,-0.1506,2.6694,14.8856,14.7486,-0.4562,0.004,-0.0525,0.2223
Tendon 2,1287.996,2.9135,-0.0907,2.5705,14.9088,14.7688,-0.4582,0.0024,-0.0467,0.2216
Tendon 2,1288.059,2.8719,0.0116,2.4678,14.9329,14.788,-0.4603,0.0015,-0.0405,0.2212
Tendon 2,1288.122,2.8304,-0.0173,2.3433,14.9571,14.8082,-0.4628,0.0012,-0.0339,0.2209
Tendon 2,1288.185,2.7758,0.139,2.2419,14.9812,14.8292,-0.4657,0.0016,-0.027,0.2207
Tendon 2,1288.249,2.7077,0.1381,2.0691,15.0054,14.8503,-0.4686,0.0025,-0.02,0.2206
Tendon 2,1288.312,2.6404,0.1927,1.9541,15.0314,14.8714,-0.4719,0.0039,-0.013,0.2204
Tendon 2,1288.375,2.5471,0.2671,1.7818,15.0555,14.8925,-0.4752,0.0058,-0.0061,0.2204
Tendon 2,1288.438,2.4537,0.3053,1.6785,15.0806,14.9126,-0.4785,0.008,0.0006,0.2203
Tendon 2,1288.502,2.3488,0.3217,1.536,15.1066,14.9346,-0.4822,0.0103,0.0068,0.2201
Tendon 2,1288.565,2.2325,0.3832,1.385,15.1326,14.9557,-0.4855,0.0127,0.0124,0.2197
Tendon 2,1288.628,2.1157,0.3584,1.2339,15.1577,14.9777,-0.4893,0.015,0.0173,0.2192
Tendon 2,1288.691,1.9796,0.4334,1.1063,15.1827,14.9997,-0.493,0.0171,0.0213,0.2185
Tendon 2,1288.755,1.8435,0.4161,0.9442,15.2078,15.0216,-0.4963,0.0188,0.0244,0.2176
Tendon 2,1288.818,1.6993,0.4287,0.857,15.2338,15.0427,-0.5,0.02,0.0263,0.2166
Tendon 2,1288.881,1.548,0.487,0.6579,15.2589,15.0656,-0.5033,0.0206,0.027,0.2152
Tendon 2,1288.944,1.3964,0.4754,0.5669,15.2849,15.0876,-0.5066,0.0206,0.0265,0.2137
Tendon 2,1289.008,1.2347,0.4419,0.3969,15.309,15.1105,-0.51,0.02,0.0247,0.212
Tendon 2,1289.071,1.0731,0.5567,0.2367,15.3341,15.1325,-0.5133,0.0186,0.0216,0.2101
Tendon 2,1289.134,0.9088,0.5278,0.0809,15.3592,15.1554,-0.5166,0.0165,0.0175,0.2081
Tendon 2,1289.197,0.742,0.5893,-0.0079,15.3842,15.1774,-0.5195,0.0139,0.0122,0.2061
Tendon 2,1289.261,0.5752,0.595,-0.1883,15.4084,15.2003,-0.522,0.0107,0.0062,0.204
Tendon 2,1289.324,0.4079,0.6229,-0.2616,15.4334,15.2214,-0.5245,0.0071,-0.0006,0.2019
Tendon 2,1289.387,0.2408,0.6465,-0.4032,15.4585,15.2434,-0.5269,0.0033,-0.0077,0.2
Tendon 2,1289.45,0.0758,0.6713,-0.5059,15.4827,15.2663,-0.529,-0.0008,-0.015,0.1981
Tendon 2,1289.514,-0.0871,0.5994,-0.632,15.5068,15.2882,-0.5307,-0.0048,-0.022,0.1964
Tendon 2,1289.577,-0.2501,0.7337,-0.7388,15.53,15.3093,-0.5319,-0.0087,-0.0285,0.1949
Tendon 2,1289.64,-0.4056,0.6775,-0.8977,15.5541,15.3313,-0.5327,-0.0123,-0.0342,0.1934
Tendon 2,1289.703,-0.5613,0.7095,-0.953,15.5783,15.3524,-0.5335,-0.0155,-0.0389,0.1924
Tendon 2,1289.767,-0.7116,0.7626,-1.1357,15.6006,15.3725,-0.5335,-0.0182,-0.0421,0.1914
Tendon 2,1289.83,-0.8575,0.7541,-1.233,15.6229,15.3927,-0.5332,-0.0204,-0.0439,0.1908
Tendon 2,1289.893,-1.003,0.7557,-1.3616,15.6451,15.4138,-0.5323,-0.0221,-0.0439,0.1903
Tendon 2,1289.956,-1.1368,0.8266,-1.5088,15.6665,15.433,-0.5311,-0.0233,-0.0422,0.19
Tendon 2,1290.02,-1.2706,0.7594,-1.6621,15.6869,15.4532,-0.5294,-0.0239,-0.0387,0.19
Tendon 2,1290.083,-1.3974,0.8439,-1.7382,15.7074,15.4715,-0.5278,-0.0242,-0.0335,0.1902
Tendon 2,1290.146,-1.5181,0.826,-1.9041,15.7269,15.4907,-0.5253,-0.0242,-0.0267,0.1905
Tendon 2,1290.209,-1.6388,0.8282,-1.9275,15.7454,15.509,-0.5228,-0.024,-0.0185,0.1909
Tendon 2,1290.273,-1.7455,0.8517,-2.0646,15.7631,15.5265,-0.5199,-0.0237,-0.0091,0.1914
Tendon 2,1290.336,-1.8522,0.8759,-2.1301,15.7789,15.5439,-0.5174,-0.0236,0.0013,0.1921
Tendon 2,1290.399,-1.9518,0.7908,-2.1983,15.7956,15.5604,-0.5141,-0.0236,0.0121,0.1927
Tendon 2,1290.462,-2.0435,0.8922,-2.2599,15.8104,15.5759,-0.5116,-0.0239,0.0233,0.1934
Tendon 2,1290.525,-2.1353,0.8649,-2.337,15.8253,15.5915,-0.5087,-0.0246,0.0343,0.1942
Tendon 2,1290.589,-2.2119,0.8322,-2.3509,15.8392,15.6071,-0.5058,-0.0257,0.045,0.1949
Tendon 2,1290.652,-2.2887,0.8633,-2.4413,15.8522,15.6208,-0.5033,-0.0272,0.0551,0.1957
Tendon 2,1290.715,-2.3576,0.8391,-2.4343,15.8643,15.6336,-0.5013,-0.0291,0.0642,0.1965
Tendon 2,1290.778,-2.4182,0.7594,-2.4957,15.8764,15.6456,-0.4996,-0.0313,0.0724,0.1973
Tendon 2,1290.842,-2.4788,0.8448,-2.5355,15.8875,15.6575,-0.4979,-0.0338,0.0793,0.1982
Tendon 2,1290.905,-2.5226,0.7353,-2.6018,15.8977,15.6675,-0.4967,-0.0364,0.0851,0.1991
Tendon 2,1290.968,-2.5664,0.7284,-2.5791,15.9079,15.6767,-0.4963,-0.039,0.0897,0.2001
Tendon 2,1291.031,-2.6015,0.7472,-2.6694,15.9172,15.6859,-0.4959,-0.0416,0.0929,0.2011
Tendon 2,1291.095,-2.628,0.7199,-2.6337,15.9256,15.6923,-0.4955,-0.0439,0.0951,0.2025
Tendon 2,1291.158,-2.6543,0.6612,-2.7004,15.933,15.6987,-0.4959,-0.0458,0.0962,0.2039
Tendon 2,1291.221,-2.6628,0.7572,-2.6865,15.9395,15.7042,-0.4967,-0.0474,0.0964,0.2056
Tendon 2,1291.284,-2.6714,0.6072,-2.7067,15.946,15.7097,-0.4975,-0.0485,0.0957,0.2076
Tendon 2,1291.348,-2.6706,0.6728,-2.6562,15.9506,15.7134,-0.4988,-0.0491,0.0944,0.2099
Tendon 2,1291.411,-2.6613,0.6198,-2.678,15.9544,15.717,-0.5,-0.0491,0.0926,0.2124
Tendon 2,1291.474,-2.6515,0.6057,-2.5269,15.9571,15.7189,-0.5017,-0.0487,0.0903,0.2153
Tendon 2,1291.537,-2.6242,0.5216,-2.5626,15.9599,15.7207,-0.5029,-0.0479,0.0877,0.2185
Tendon 2,1291.601,-2.5963,0.6182,-2.4046,15.9609,15.7207,-0.5046,-0.0468,0.0847,0.2219
Tendon 2,1291.664,-2.5602,0.5012,-2.386,15.9599,15.7207,-0.5062,-0.0454,0.0815,0.2256
Tendon 2,1291.727,-2.5159,0.5941,-2.3051,15.959,15.7198,-0.5079,-0.044,0.0781,0.2295
Tendon 2,1291.79,-2.4713,0.4754,-2.2817,15.9562,15.7179,-0.5095,-0.0424,0.0744,0.2335
Tendon 2,1291.854,-2.4109,0.4723,-2.1626,15.9534,15.7152,-0.5112,-0.041,0.0705,0.2377
Tendon 2,1291.917,-2.3509,0.5175,-2.1541,15.9488,15.7124,-0.5125,-0.0397,0.0664,0.2419
Tendon 2,1291.98,-2.2833,0.4886,-1.9936,15.9432,15.7069,-0.5133,-0.0386,0.062,0.2461
Tendon 2,1292.043,-2.2091,0.3863,-1.9601,15.9376,15.7024,-0.5141,-0.0378,0.0575,0.2501
Tendon 2,1292.107,-2.1346,0.5065,-1.8036,15.9311,15.6969,-0.5145,-0.0371,0.0528,0.2541
Tendon 2,1292.17,-2.0482,0.3709,-1.7509,15.9237,15.6904,-0.5149,-0.0366,0.048,0.2578
Tendon 2,1292.233,-1.9618,0.3559,-1.6292,15.9154,15.6831,-0.5145,-0.0363,0.0432,0.2613
Tendon 2,1292.296,-1.8703,0.3894,-1.5483,15.907,15.674,-0.5141,-0.0359,0.0384,0.2645
Tendon 2,1292.36,-1.7736,0.3474,-1.4052,15.8977,15.6657,-0.5133,-0.0356,0.0339,0.2676
Tendon 2,1292.423,-1.6772,0.2865,-1.3594,15.8875,15.6547,-0.5125,-0.0351,0.0297,0.2704
Tendon 2,1292.486,-1.5722,0.3873,-1.22,15.8764,15.6446,-0.5108,-0.0343,0.0258,0.2729
Tendon 2,1292.613,-1.3595,0.3101,-1.0674,15.8531,15.6217,-0.5071,-0.032,0.0198,0.2774
Tendon 2,1292.676,-1.2484,0.2966,-0.9963,15.842,15.6098,-0.505,-0.0303,0.0177,0.2795
Tendon 2,1292.739,-1.1378,0.284,-0.9107,15.8281,15.5961,-0.5025,-0.0282,0.0163,0.2815
Tendon 2,1292.802,-1.022,0.2796,-0.8058,15.8151,15.5833,-0.4996,-0.0258,0.0156,0.2834
Tendon 2,1292.866,-0.9063,0.3122,-0.6772,15.8011,15.5686,-0.4967,-0.0232,0.0155,0.2853
Tendon 2,1292.929,-0.7892,0.2492,-0.5947,15.7863,15.5539,-0.4938,-0.0204,0.0158,0.2872
Tendon 2,1292.992,-0.6701,0.3223,-0.4579,15.7705,15.5393,-0.4905,-0.0176,0.0165,0.2891
Tendon 2,1293.055,-0.5515,0.306,-0.3488,15.7547,15.5228,-0.4876,-0.0149,0.0175,0.2909
Tendon 2,1293.119,-0.4316,0.295,-0.1681,15.738,15.5072,-0.4843,-0.0123,0.0184,0.2928
Tendon 2,1293.182,-0.3109,0.3217,-0.098,15.7213,15.4907,-0.4814,-0.01,0.0192,0.2946
Tendon 2,1293.245,-0.1908,0.3458,0.042,15.7046,15.4733,-0.4785,-0.008,0.0195,0.2962
Tendon 2,1293.308,-0.0706,0.3028,0.1605,15.686,15.4568,-0.4756,-0.0065,0.0194,0.2976
Tendon 2,1293.372,0.0498,0.3443,0.3346,15.6684,15.4394,-0.4727,-0.0055,0.0185,0.2987
Tendon 2,1293.435,0.1678,0.3317,0.401,15.6498,15.4211,-0.4702,-0.0048,0.0168,0.2996
Tendon 2,1293.498,0.2862,0.3301,0.5255,15.6312,15.4028,-0.4682,-0.0046,0.0142,0.3001
Tendon 2,1293.561,0.4027,0.3769,0.5909,15.6126,15.3844,-0.4661,-0.0048,0.0107,0.3004
Tendon 2,1293.625,0.5164,0.3816,0.7192,15.5931,15.3652,-0.4644,-0.0051,0.0062,0.3002
Tendon 2,1293.688,0.6304,0.3317,0.7846,15.5746,15.3469,-0.4628,-0.0055,0.001,0.2996
Tendon 2,1293.751,0.7374,0.4334,0.8557,15.556,15.3286,-0.4619,-0.0059,-0.0049,0.2987
Tendon 2,1293.814,0.8444,0.3537,0.8797,15.5356,15.3093,-0.4611,-0.0062,-0.0114,0.2975
Tendon 2,1293.877,0.9467,0.3725,0.9792,15.5161,15.2901,-0.4603,-0.0061,-0.0181,0.296
Tendon 2,1293.941,1.0437,0.3669,0.984,15.4966,15.2708,-0.4599,-0.0055,-0.025,0.2943
Tendon 2,1294.004,1.1409,0.3364,1.075,15.4771,15.2525,-0.4599,-0.0045,-0.0317,0.2925
Tendon 2,1294.067,1.2252,0.3264,1.0807,15.4567,15.2333,-0.4603,-0.0028,-0.0381,0.2907
Tendon 2,1294.13,1.3095,0.37,1.1404,15.4362,15.214,-0.4607,-0.0005,-0.0439,0.289
Tendon 2,1294.194,1.3863,0.2981,1.1483,15.4158,15.1957,-0.4611,0.0025,-0.049,0.2873
Tendon 2,1294.257,1.4554,0.3537,1.2042,15.3963,15.1783,-0.4619,0.006,-0.0532,0.2858
Tendon 2,1294.32,1.5243,0.3028,1.1685,15.3759,15.16,-0.4624,0.0099,-0.0565,0.2845
Tendon 2,1294.383,1.5758,0.2856,1.2447,15.3554,15.1417,-0.4632,0.0143,-0.0588,0.2836
Tendon 2,1294.447,1.6277,0.2849,1.1818,15.335,15.1252,-0.464,0.0189,-0.0601,0.2827
Tendon 2,1294.51,1.6697,0.2749,1.2042,15.3146,15.1078,-0.4649,0.0236,-0.0604,0.2821
Tendon 2,1294.573,1.7024,0.1974,1.2355,15.296,15.0904,-0.4657,0.0282,-0.0598,0.2817
Tendon 2,1294.636,1.7352,0.2928,1.2169,15.2756,15.0739,-0.4661,0.0327,-0.0585,0.2814
Tendon 2,1294.7,1.7491,0.2052,1.1966,15.257,15.0574,-0.4669,0.0368,-0.0566,0.2811
Tendon 2,1294.763,1.763,0.2046,1.2564,15.2375,15.0409,-0.4669,0.0404,-0.0543,0.2808
Tendon 2,1294.826,1.7679,0.1905,1.1865,15.2199,15.0262,-0.4673,0.0435,-0.0516,0.2804
Tendon 2,1294.889,1.7638,0.1974,1.2605,15.2022,15.0106,-0.4673,0.046,-0.0489,0.2797
Tendon 2,1294.953,1.7597,0.1287,1.2823,15.1846,14.996,-0.4669,0.0479,-0.0461,0.2788
Tendon 2,1295.016,1.7393,0.2093,1.2004,15.1688,14.9804,-0.4669,0.0492,-0.0435,0.2775
Tendon 2,1295.079,1.7192,0.0687,1.1398,15.1521,14.9667,-0.4661,0.0498,-0.0411,0.276
Tendon 2,1295.142,1.6924,0.1412,1.1473,15.1372,14.9529,-0.4657,0.0499,-0.039,0.2741
Tendon 2,1295.206,1.6589,0.1243,1.0488,15.1224,14.9392,-0.4649,0.0495,-0.0373,0.2719
Tendon 2,1295.269,1.6253,0.0967,1.111,15.1094,14.9273,-0.464,0.0488,-0.0358,0.2694
Tendon 2,1295.332,1.582,0.0631,0.9849,15.0954,14.9144,-0.4628,0.0478,-0.0347,0.2667
Tendon 2,1295.395,1.5385,0.1186,1.0096,15.0834,14.9035,-0.4619,0.0465,-0.0338,0.2637
Tendon 2,1295.459,1.4918,-0.0195,0.9514,15.0713,14.8925,-0.4607,0.0452,-0.0331,0.2608
Tendon 2,1295.522,1.4413,0.0976,0.9631,15.0602,14.8815,-0.4595,0.0438,-0.0326,0.2579
Tendon 2,1295.585,1.391,0.022,0.9085,15.0499,14.8714,-0.4582,0.0425,-0.0322,0.255
Tendon 2,1295.648,1.3368,0.0304,0.9404,15.0388,14.8622,-0.457,0.0412,-0.0317,0.2524
Tendon 2,1295.712,1.2824,0.0891,0.8509,15.0304,14.8531,-0.4562,0.04,-0.0312,0.2499
Tendon 2,1295.775,1.2273,0.0766,0.9154,15.0212,14.8457,-0.4549,0.0389,-0.0306,0.2479
Tendon 2,1295.838,1.1711,0.0358,0.8509,15.0128,14.8375,-0.4537,0.0379,-0.0299,0.2461
Tendon 2,1295.901,1.1148,0.1506,0.8664,15.0054,14.8302,-0.4524,0.037,-0.029,0.2446
Tendon 2,1295.965,1.0581,0.043,0.8042,14.9979,14.8237,-0.4512,0.036,-0.0281,0.2434
Tendon 2,1296.028,1.0014,0.1061,0.8206,14.9914,14.8182,-0.4499,0.0351,-0.0271,0.2427
Tendon 2,1296.091,0.9447,0.1007,0.7426,14.9859,14.8118,-0.4487,0.0341,-0.0261,0.2421
Tendon 2,1296.154,0.8877,0.0766,0.777,14.9803,14.8073,-0.4475,0.033,-0.025,0.2419
Tendon 2,1296.218,0.831,0.0945,0.7005,14.9757,14.8027,-0.4462,0.0318,-0.0241,0.2418
Tendon 2,1296.281,0.7737,0.1444,0.7116,14.9719,14.799,-0.445,0.0305,-0.0233,0.2419
Tendon 2,1296.344,0.7162,0.054,0.6772,14.9682,14.7963,-0.4437,0.029,-0.0227,0.2421
Tendon 2,1296.407,0.6577,0.167,0.6516,14.9645,14.7926,-0.4425,0.0274,-0.0222,0.2424
Tendon 2,1296.471,0.5987,0.1171,0.6159,14.9627,14.7908,-0.4412,0.0256,-0.022,0.2427
Tendon 2,1296.534,0.5394,0.1196,0.6111,14.9608,14.788,-0.4404,0.0237,-0.0221,0.243
Tendon 2,1296.597,0.4778,0.214,0.5435,14.9608,14.7862,-0.4392,0.0218,-0.0224,0.2434
Tendon 2,1296.66,0.4161,0.1889,0.5574,14.9599,14.7853,-0.4384,0.0198,-0.0229,0.2439
Tendon 2,1296.724,0.3527,0.15,0.4866,14.9608,14.7844,-0.4375,0.0177,-0.0236,0.2444
Tendon 2,1296.787,0.288,0.2903,0.4452,14.9608,14.7844,-0.4367,0.0158,-0.0244,0.245
Tendon 2,1296.85,0.2233,0.1889,0.4234,14.9627,14.7853,-0.4363,0.0139,-0.0253,0.2458
Tendon 2,1296.913,0.1547,0.2708,0.394,14.9645,14.7862,-0.4363,0.0121,-0.0263,0.2467
Tendon 2,1296.977,0.0864,0.3144,0.3511,14.9682,14.7871,-0.4367,0.0105,-0.0271,0.2478
Tendon 2,1297.04,0.017,0.2693,0.3447,14.971,14.7898,-0.4371,0.0091,-0.0279,0.2491
Tendon 2,1297.103,-0.0534,0.3091,0.2474,14.9757,14.7926,-0.4379,0.0079,-0.0285,0.2506
Tendon 2,1297.166,-0.124,0.3405,0.225,14.9794,14.7953,-0.4392,0.0069,-0.0289,0.2523
Tendon 2,1297.23,-0.1952,0.2598,0.1962,14.9849,14.799,-0.4409,0.0061,-0.0291,0.2542
Tendon 2,1297.293,-0.2663,0.3847,0.1728,14.9905,14.8036,-0.4429,0.0055,-0.029,0.2563
Tendon 2,1297.356,-0.3367,0.2991,0.116,14.997,14.8082,-0.445,0.005,-0.0286,0.2584
Tendon 2,1297.419,-0.4061,0.3069,0.1144,15.0035,14.8137,-0.4475,0.0048,-0.0279,0.2606
Tendon 2,1297.482,-0.4754,0.3465,0.0288,15.0109,14.8201,-0.4504,0.0047,-0.027,0.263
Tendon 2,1297.546,-0.5396,0.2966,0.066,15.0193,14.8256,-0.4532,0.0046,-0.0258,0.2652
Tendon 2,1297.609,-0.6038,0.2341,-0.0591,15.0277,14.832,-0.4562,0.0047,-0.0243,0.2674
Tendon 2,1297.672,-0.6639,0.3301,-0.0591,15.0369,14.8393,-0.4595,0.0048,-0.0225,0.2697
Tendon 2,1297.735,-0.7201,0.1936,-0.133,15.0462,14.8467,-0.4624,0.0049,-0.0206,0.2717
Tendon 2,1297.799,-0.7761,0.231,-0.1299,15.0564,14.854,-0.4657,0.0049,-0.0184,0.2737
Tendon 2,1297.862,-0.8209,0.2335,-0.2048,15.0667,14.8613,-0.4686,0.005,-0.0159,0.2756
Tendon 2,1297.925,-0.8658,0.1622,-0.2063,15.0778,14.8696,-0.4715,0.0049,-0.0133,0.2774
Tendon 2,1297.988,-0.9039,0.1475,-0.2958,15.088,14.8778,-0.4744,0.0048,-0.0104,0.2792
Tendon 2,1298.052,-0.9351,0.1726,-0.2623,15.1001,14.8851,-0.4764,0.0045,-0.0072,0.2809
Tendon 2,1298.115,-0.9666,0.0367,-0.352,15.1112,14.8943,-0.4789,0.0041,-0.0038,0.2826
Tendon 2,1298.178,-0.9834,0.0741,-0.3207,15.1233,14.9016,-0.4806,0.0036,-0.0001,0.2844
Tendon 2,1298.241,-0.9999,0.0053,-0.3621,15.1354,14.909,-0.4826,0.003,0.0038,0.2862
Tendon 2,1298.305,-1.0091,-0.0508,-0.3495,15.1474,14.9172,-0.4839,0.0022,0.0079,0.2881
Tendon 2,1298.368,-1.0107,-0.0414,-0.3861,15.1586,14.9245,-0.4851,0.0014,0.0122,0.29
Tendon 2,1298.431,-1.0122,-0.1218,-0.3713,15.1697,14.9319,-0.4859,0.0004,0.0167,0.2922
Tendon 2,1298.494,-1.0001,-0.2404,-0.418,15.1818,14.9392,-0.4868,-0.0007,0.0212,0.2943
Tendon 2,1298.558,-0.9883,-0.1905,-0.3893,15.1939,14.9474,-0.4872,-0.0019,0.0258,0.2965
Tendon 2,1298.621,-0.9699,-0.3857,-0.4538,15.205,14.9548,-0.4872,-0.0031,0.0303,0.2988
Tendon 2,1298.684,-0.9455,-0.3957,-0.4313,15.2162,14.9621,-0.4876,-0.0044,0.0346,0.3011
Tendon 2,1298.747,-0.9212,-0.4607,-0.4749,15.2273,14.9694,-0.4876,-0.0057,0.0386,0.3033
Tendon 2,1298.811,-0.8874,-0.562,-0.467,15.2375,14.9767,-0.4876,-0.007,0.0423,0.3054
Tendon 2,1298.874,-0.8534,-0.665,-0.5154,15.2487,14.9832,-0.4876,-0.0084,0.0455,0.3075
Tendon 2,1298.937,-0.816,-0.6634,-0.4926,15.2589,14.9896,-0.4876,-0.0097,0.0482,0.3093
Tendon 2,1299,-0.775,-0.8385,-0.5293,15.2691,14.9969,-0.4872,-0.0111,0.0503,0.3109
Tendon 2,1299.064,-0.7343,-0.8049,-0.5144,15.2784,15.0033,-0.4872,-0.0124,0.0516,0.3124
Tendon 2,1299.127,-0.6894,-0.9393,-0.5786,15.2877,15.0088,-0.4872,-0.0136,0.0523,0.3136
Tendon 2,1299.19,-0.6441,-1.0061,-0.5451,15.2969,15.0143,-0.4868,-0.0148,0.0523,0.3146
Tendon 2,1299.253,-0.5979,-1.05,-0.5839,15.3062,15.0207,-0.4868,-0.016,0.0516,0.3155
Tendon 2,1299.317,-0.5507,-1.1178,-0.5707,15.3146,15.0253,-0.4864,-0.0171,0.0502,0.3161
Tendon 2,1299.38,-0.5035,-1.2443,-0.6073,15.322,15.0299,-0.4864,-0.018,0.0483,0.3165
Tendon 2,1299.443,-0.4561,-1.1671,-0.5552,15.3304,15.0336,-0.4864,-0.0189,0.046,0.3168
Tendon 2,1299.506,-0.4081,-1.3215,-0.6206,15.3378,15.0363,-0.4859,-0.0196,0.0433,0.317
Tendon 2,1299.57,-0.361,-1.3256,-0.5489,15.3452,15.039,-0.4859,-0.0202,0.0403,0.317
Tendon 2,1299.633,-0.314,-1.3591,-0.5643,15.3527,15.0418,-0.4859,-0.0206,0.0373,0.317
Tendon 2,1299.696,-0.2674,-1.3692,-0.5239,15.3592,15.0436,-0.4859,-0.0208,0.0342,0.317
Tendon 2,1299.759,-0.222,-1.4567,-0.5116,15.3666,15.0455,-0.4859,-0.0209,0.0313,0.3167
Tendon 2,1299.823,-0.1764,-1.3623,-0.4812,15.3722,15.0464,-0.4864,-0.0207,0.0285,0.3165
Tendon 2,1299.886,-0.1318,-1.4542,-0.5249,15.3777,15.0473,-0.4868,-0.0204,0.026,0.3161
Tendon 2,1299.949,-0.0882,-1.3943,-0.4079,15.3842,15.0473,-0.4872,-0.0198,0.0239,0.3157
Tendon 2,1300.012,-0.0449,-1.3949,-0.4484,15.3889,15.0473,-0.4876,-0.019,0.0221,0.315
Tendon 2,1300.076,-0.0028,-1.388,-0.3037,15.3935,15.0473,-0.4885,-0.0181,0.0206,0.3142
